[INFO] Scanning for projects...
[INFO]
[INFO] -------------------< org.mulino:acceptance-harness >--------------------
[INFO] Building acceptance-harness 1.0.0
[INFO]   from pom.xml
[INFO] --------------------------------[ jar ]---------------------------------
[INFO]
[INFO] --- resources:3.4.0:resources (default-resources) @ acceptance-harness ---
[INFO] skip non existing resourceDirectory /Volumes/VideoStore/Developer/mulino-ontology-step2-wire-async/verification/harness/src/main/resources
[INFO]
[INFO] --- compiler:3.14.1:compile (default-compile) @ acceptance-harness ---
[INFO] Nothing to compile - all classes are up to date.
[INFO]
[INFO] --- resources:3.4.0:testResources (default-testResources) @ acceptance-harness ---
[INFO] Copying 36 resources from src/test/resources to target/test-classes
[INFO]
[INFO] --- compiler:3.14.1:testCompile (default-testCompile) @ acceptance-harness ---
[INFO] Nothing to compile - all classes are up to date.
[INFO]
[INFO] --- surefire:3.5.6:test (default-test) @ acceptance-harness ---
[INFO] Using auto detected provider org.apache.maven.surefire.junitplatform.JUnitPlatformProvider
[WARNING] System property [repo.root] overwritten by user properties from Maven session
[INFO]
[INFO] -------------------------------------------------------
[INFO]  T E S T S
[INFO] -------------------------------------------------------
[INFO] Running org.mulino.verification.CaseFeatureTest

@C2 @D09 @D12 @sit @uat
시나리오: 월60 수령·화60 출고·수40 수령의 누적100과 현재40을 구별한다                                                                                                                 # target/work-51-input/verification/cases/C2/scenario.feature:5
  ✔ 먼저 사례 파일 "verification/cases/C2/case.json"의 "cumulative-versus-state"를 준비한다                                                                               # org.mulino.verification.ScenarioGlue.prepare(java.lang.String,java.lang.String)
  ✔ 만일 "시스템" 역할이 "setup" 행동을 수행한다                                                                                                                             # org.mulino.verification.ScenarioGlue.action(java.lang.String,java.lang.String)
  ✔ 만일 "A" 역할이 "cumulative" 행동을 수행한다                                                                                                                          # org.mulino.verification.ScenarioGlue.action(java.lang.String,java.lang.String)
  ✔ 만일 "A" 역할이 "state" 행동을 수행한다                                                                                                                               # org.mulino.verification.ScenarioGlue.action(java.lang.String,java.lang.String)
  ✔ 만일 "warehouse" 역할이 "receive60" 행동을 수행한다                                                                                                                   # org.mulino.verification.ScenarioGlue.action(java.lang.String,java.lang.String)
  ✔ 만일 "A" 역할이 "sale60" 행동을 수행한다                                                                                                                              # org.mulino.verification.ScenarioGlue.action(java.lang.String,java.lang.String)
  ✔ 만일 "warehouse" 역할이 "reserve60" 행동을 수행한다                                                                                                                   # org.mulino.verification.ScenarioGlue.action(java.lang.String,java.lang.String)
  ✔ 만일 "warehouse" 역할이 "pick60" 행동을 수행한다                                                                                                                      # org.mulino.verification.ScenarioGlue.action(java.lang.String,java.lang.String)
  ✔ 만일 "warehouse" 역할이 "dispatch60" 행동을 수행한다                                                                                                                  # org.mulino.verification.ScenarioGlue.action(java.lang.String,java.lang.String)
  ✔ 만일 "warehouse" 역할이 "receive40" 행동을 수행한다                                                                                                                   # org.mulino.verification.ScenarioGlue.action(java.lang.String,java.lang.String)
  ✔ 만일 "A" 역할이 "cumulative-assessment" 행동을 수행한다                                                                                                               # org.mulino.verification.ScenarioGlue.action(java.lang.String,java.lang.String)
  ✔ 만일 "A" 역할이 "state-assessment" 행동을 수행한다                                                                                                                    # org.mulino.verification.ScenarioGlue.action(java.lang.String,java.lang.String)
  ✔ 만일 "A" 역할이 "inventory" 행동을 수행한다                                                                                                                           # org.mulino.verification.ScenarioGlue.action(java.lang.String,java.lang.String)
  ✔ 만일 "시스템" 역할이 "after-db" 행동을 수행한다                                                                                                                          # org.mulino.verification.ScenarioGlue.action(java.lang.String,java.lang.String)
  ✘ 그러면 "api-arrived100" assertion으로 "월60 수령·화60 출고·수40 수령의 누적100과 현재40을 구별한다. cumulative-arrival의 독립 고정 기대값을 대조한다."를 확인한다                                    # org.mulino.verification.ScenarioGlue.assertion(java.lang.String,java.lang.String)
        java.lang.AssertionError: source cumulative-assessment is NOT_IMPLEMENTED: NOT_IMPLEMENTED: no real product adapters installed
                at org.mulino.verification.AssertionEngine.fail(AssertionEngine.java:138)
                at org.mulino.verification.AssertionEngine.require(AssertionEngine.java:137)
                at org.mulino.verification.AssertionEngine.requireExecuted(AssertionEngine.java:77)
                at org.mulino.verification.AssertionEngine.requireSourcesAvailable(AssertionEngine.java:68)
                at org.mulino.verification.CaseRunner.assertId(CaseRunner.java:151)
                at org.mulino.verification.ScenarioGlue.assertion(ScenarioGlue.java:26)
                at ✽."api-arrived100" assertion으로 "월60 수령·화60 출고·수40 수령의 누적100과 현재40을 구별한다. cumulative-arrival의 독립 고정 기대값을 대조한다."를 확인한다(file:///Volumes/VideoStore/Developer/mulino-ontology-step2-wire-async/verification/harness/target/work-51-input/verification/cases/C2/scenario.feature:20)
  ↷ 그러면 "raw-receipt-sum100" assertion으로 "월60 수령·화60 출고·수40 수령의 누적100과 현재40을 구별한다. cumulative-arrival의 독립 고정 기대값을 대조한다."를 확인한다                                # org.mulino.verification.ScenarioGlue.assertion(java.lang.String,java.lang.String)
  ↷ 그러면 "api-held40" assertion으로 "월60 수령·화60 출고·수40 수령의 누적100과 현재40을 구별한다. state-at-held의 독립 고정 기대값을 대조한다."를 확인한다                                             # org.mulino.verification.ScenarioGlue.assertion(java.lang.String,java.lang.String)
  ↷ 그러면 "raw-current-leaf-sum40" assertion으로 "월60 수령·화60 출고·수40 수령의 누적100과 현재40을 구별한다. state-at-held의 독립 고정 기대값을 대조한다."를 확인한다                                 # org.mulino.verification.ScenarioGlue.assertion(java.lang.String,java.lang.String)
  ↷ 그러면 "arrival-distinct-identities" assertion으로 "월60 수령·화60 출고·수40 수령의 누적100과 현재40을 구별한다. mode-evidence-scope의 독립 고정 기대값을 대조한다."를 확인한다                      # org.mulino.verification.ScenarioGlue.assertion(java.lang.String,java.lang.String)
  ↷ 그러면 "cumulative-assessment-api-result" assertion으로 "월60 수령·화60 출고·수40 수령의 누적100과 현재40을 구별한다. cumulative의 독립 고정 기대값을 대조한다."를 확인한다                          # org.mulino.verification.ScenarioGlue.assertion(java.lang.String,java.lang.String)
  ↷ 그러면 "cumulative-assessment-db-result" assertion으로 "월60 수령·화60 출고·수40 수령의 누적100과 현재40을 구별한다. cumulative의 독립 고정 기대값을 대조한다."를 확인한다                           # org.mulino.verification.ScenarioGlue.assertion(java.lang.String,java.lang.String)
  ↷ 그러면 "state-assessment-api-result" assertion으로 "월60 수령·화60 출고·수40 수령의 누적100과 현재40을 구별한다. state-at의 독립 고정 기대값을 대조한다."를 확인한다                                 # org.mulino.verification.ScenarioGlue.assertion(java.lang.String,java.lang.String)
  ↷ 그러면 "state-assessment-db-result" assertion으로 "월60 수령·화60 출고·수40 수령의 누적100과 현재40을 구별한다. state-at의 독립 고정 기대값을 대조한다."를 확인한다                                  # org.mulino.verification.ScenarioGlue.assertion(java.lang.String,java.lang.String)
  ↷ 그러면 "cumulative_event-goal-mode" assertion으로 "월60 수령·화60 출고·수40 수령의 누적100과 현재40을 구별한다. mode-evidence-scope의 독립 고정 기대값을 대조한다."를 확인한다                       # org.mulino.verification.ScenarioGlue.assertion(java.lang.String,java.lang.String)
  ↷ 그러면 "cumulative_event-field-quantity" assertion으로 "월60 수령·화60 출고·수40 수령의 누적100과 현재40을 구별한다. mode-evidence-scope의 독립 고정 기대값을 대조한다."를 확인한다                  # org.mulino.verification.ScenarioGlue.assertion(java.lang.String,java.lang.String)
  ↷ 그러면 "cumulative_event-field-unit" assertion으로 "월60 수령·화60 출고·수40 수령의 누적100과 현재40을 구별한다. mode-evidence-scope의 독립 고정 기대값을 대조한다."를 확인한다                      # org.mulino.verification.ScenarioGlue.assertion(java.lang.String,java.lang.String)
  ↷ 그러면 "cumulative_event-field-placeId" assertion으로 "월60 수령·화60 출고·수40 수령의 누적100과 현재40을 구별한다. mode-evidence-scope의 독립 고정 기대값을 대조한다."를 확인한다                   # org.mulino.verification.ScenarioGlue.assertion(java.lang.String,java.lang.String)
  ↷ 그러면 "cumulative_event-field-endpoint" assertion으로 "월60 수령·화60 출고·수40 수령의 누적100과 현재40을 구별한다. mode-evidence-scope의 독립 고정 기대값을 대조한다."를 확인한다                  # org.mulino.verification.ScenarioGlue.assertion(java.lang.String,java.lang.String)
  ↷ 그러면 "cumulative_event-field-evidencePolicyVersion" assertion으로 "월60 수령·화60 출고·수40 수령의 누적100과 현재40을 구별한다. mode-evidence-scope의 독립 고정 기대값을 대조한다."를 확인한다     # org.mulino.verification.ScenarioGlue.assertion(java.lang.String,java.lang.String)
  ↷ 그러면 "cumulative_event-field-periodStart" assertion으로 "월60 수령·화60 출고·수40 수령의 누적100과 현재40을 구별한다. mode-evidence-scope의 독립 고정 기대값을 대조한다."를 확인한다               # org.mulino.verification.ScenarioGlue.assertion(java.lang.String,java.lang.String)
  ↷ 그러면 "cumulative_event-field-periodEnd" assertion으로 "월60 수령·화60 출고·수40 수령의 누적100과 현재40을 구별한다. mode-evidence-scope의 독립 고정 기대값을 대조한다."를 확인한다                 # org.mulino.verification.ScenarioGlue.assertion(java.lang.String,java.lang.String)
  ↷ 그러면 "cumulative_event-field-eventKinds" assertion으로 "월60 수령·화60 출고·수40 수령의 누적100과 현재40을 구별한다. mode-evidence-scope의 독립 고정 기대값을 대조한다."를 확인한다                # org.mulino.verification.ScenarioGlue.assertion(java.lang.String,java.lang.String)
  ↷ 그러면 "cumulative_event-field-distinctContributionScope" assertion으로 "월60 수령·화60 출고·수40 수령의 누적100과 현재40을 구별한다. mode-evidence-scope의 독립 고정 기대값을 대조한다."를 확인한다 # org.mulino.verification.ScenarioGlue.assertion(java.lang.String,java.lang.String)
  ↷ 그러면 "state_at-goal-mode" assertion으로 "월60 수령·화60 출고·수40 수령의 누적100과 현재40을 구별한다. mode-evidence-scope의 독립 고정 기대값을 대조한다."를 확인한다                               # org.mulino.verification.ScenarioGlue.assertion(java.lang.String,java.lang.String)
  ↷ 그러면 "state_at-field-quantity" assertion으로 "월60 수령·화60 출고·수40 수령의 누적100과 현재40을 구별한다. mode-evidence-scope의 독립 고정 기대값을 대조한다."를 확인한다                          # org.mulino.verification.ScenarioGlue.assertion(java.lang.String,java.lang.String)
  ↷ 그러면 "state_at-field-unit" assertion으로 "월60 수령·화60 출고·수40 수령의 누적100과 현재40을 구별한다. mode-evidence-scope의 독립 고정 기대값을 대조한다."를 확인한다                              # org.mulino.verification.ScenarioGlue.assertion(java.lang.String,java.lang.String)
  ↷ 그러면 "state_at-field-placeId" assertion으로 "월60 수령·화60 출고·수40 수령의 누적100과 현재40을 구별한다. mode-evidence-scope의 독립 고정 기대값을 대조한다."를 확인한다                           # org.mulino.verification.ScenarioGlue.assertion(java.lang.String,java.lang.String)
  ↷ 그러면 "state_at-field-endpoint" assertion으로 "월60 수령·화60 출고·수40 수령의 누적100과 현재40을 구별한다. mode-evidence-scope의 독립 고정 기대값을 대조한다."를 확인한다                          # org.mulino.verification.ScenarioGlue.assertion(java.lang.String,java.lang.String)
  ↷ 그러면 "state_at-field-evidencePolicyVersion" assertion으로 "월60 수령·화60 출고·수40 수령의 누적100과 현재40을 구별한다. mode-evidence-scope의 독립 고정 기대값을 대조한다."를 확인한다             # org.mulino.verification.ScenarioGlue.assertion(java.lang.String,java.lang.String)
  ↷ 그러면 "state_at-field-evaluationTime" assertion으로 "월60 수령·화60 출고·수40 수령의 누적100과 현재40을 구별한다. mode-evidence-scope의 독립 고정 기대값을 대조한다."를 확인한다                    # org.mulino.verification.ScenarioGlue.assertion(java.lang.String,java.lang.String)
  ↷ 그러면 "state_at-field-eligibilityAction" assertion으로 "월60 수령·화60 출고·수40 수령의 누적100과 현재40을 구별한다. mode-evidence-scope의 독립 고정 기대값을 대조한다."를 확인한다                 # org.mulino.verification.ScenarioGlue.assertion(java.lang.String,java.lang.String)
  ↷ 그러면 "state_at-field-includeReservations" assertion으로 "월60 수령·화60 출고·수40 수령의 누적100과 현재40을 구별한다. mode-evidence-scope의 독립 고정 기대값을 대조한다."를 확인한다               # org.mulino.verification.ScenarioGlue.assertion(java.lang.String,java.lang.String)
  ↷ 그러면 "fixed-asof" assertion으로 "월60 수령·화60 출고·수40 수령의 누적100과 현재40을 구별한다. mode-evidence-scope의 독립 고정 기대값을 대조한다."를 확인한다                                       # org.mulino.verification.ScenarioGlue.assertion(java.lang.String,java.lang.String)
  ↷ 그러면 "fixed-knownat" assertion으로 "월60 수령·화60 출고·수40 수령의 누적100과 현재40을 구별한다. mode-evidence-scope의 독립 고정 기대값을 대조한다."를 확인한다                                    # org.mulino.verification.ScenarioGlue.assertion(java.lang.String,java.lang.String)

@C5 @D10 @D14 @D26 @sit @uat
시나리오: 종료된 부모 뒤 이상 접수의 책임 failed-link                                                                                           # target/work-51-input/verification/cases/C5/scenario.feature:5
  ✔ 먼저 사례 파일 "verification/cases/C5/case.json"의 "failed-link"를 준비한다                                                            # org.mulino.verification.ScenarioGlue.prepare(java.lang.String,java.lang.String)
  ✔ 만일 "시스템" 역할이 "setup" 행동을 수행한다                                                                                              # org.mulino.verification.ScenarioGlue.action(java.lang.String,java.lang.String)
  ✔ 만일 "A" 역할이 "before-db-snapshot" 행동을 수행한다                                                                                   # org.mulino.verification.ScenarioGlue.action(java.lang.String,java.lang.String)
  ✔ 만일 "시스템" 역할이 "before-db" 행동을 수행한다                                                                                          # org.mulino.verification.ScenarioGlue.action(java.lang.String,java.lang.String)
  ✔ 만일 "intake" 역할이 "anomaly" 행동을 수행한다                                                                                         # org.mulino.verification.ScenarioGlue.action(java.lang.String,java.lang.String)
  ✔ 만일 "시스템" 역할이 "link-fault" 행동을 수행한다                                                                                         # org.mulino.verification.ScenarioGlue.action(java.lang.String,java.lang.String)
  ✔ 만일 "intake" 역할이 "followup" 행동을 수행한다                                                                                        # org.mulino.verification.ScenarioGlue.action(java.lang.String,java.lang.String)
  ✔ 만일 "시스템" 역할이 "alert" 행동을 수행한다                                                                                              # org.mulino.verification.ScenarioGlue.action(java.lang.String,java.lang.String)
  ✔ 만일 "A" 역할이 "intake-query" 행동을 수행한다                                                                                         # org.mulino.verification.ScenarioGlue.action(java.lang.String,java.lang.String)
  ✔ 만일 "시스템" 역할이 "after-db" 행동을 수행한다                                                                                           # org.mulino.verification.ScenarioGlue.action(java.lang.String,java.lang.String)
  ✘ 그러면 "failed-followup" assertion으로 "종료된 부모 뒤 이상 접수의 책임 failed-link. intake-tracking의 독립 고정 기대값을 대조한다."를 확인한다                # org.mulino.verification.ScenarioGlue.assertion(java.lang.String,java.lang.String)
        java.lang.AssertionError: source followup is NOT_IMPLEMENTED: NOT_IMPLEMENTED: no real product adapters installed
                at org.mulino.verification.AssertionEngine.fail(AssertionEngine.java:138)
                at org.mulino.verification.AssertionEngine.require(AssertionEngine.java:137)
                at org.mulino.verification.AssertionEngine.requireExecuted(AssertionEngine.java:77)
                at org.mulino.verification.AssertionEngine.requireSourcesAvailable(AssertionEngine.java:68)
                at org.mulino.verification.CaseRunner.assertId(CaseRunner.java:151)
                at org.mulino.verification.ScenarioGlue.assertion(ScenarioGlue.java:26)
                at ✽."failed-followup" assertion으로 "종료된 부모 뒤 이상 접수의 책임 failed-link. intake-tracking의 독립 고정 기대값을 대조한다."를 확인한다(file:///Volumes/VideoStore/Developer/mulino-ontology-step2-wire-async/verification/harness/target/work-51-input/verification/cases/C5/scenario.feature:16)
  ↷ 그러면 "intake-open" assertion으로 "종료된 부모 뒤 이상 접수의 책임 failed-link. intake-tracking의 독립 고정 기대값을 대조한다."를 확인한다                    # org.mulino.verification.ScenarioGlue.assertion(java.lang.String,java.lang.String)
  ↷ 그러면 "intake-owner-human" assertion으로 "종료된 부모 뒤 이상 접수의 책임 failed-link. intake-owner의 독립 고정 기대값을 대조한다."를 확인한다                # org.mulino.verification.ScenarioGlue.assertion(java.lang.String,java.lang.String)
  ↷ 그러면 "intake-one" assertion으로 "종료된 부모 뒤 이상 접수의 책임 failed-link. intake-owner의 독립 고정 기대값을 대조한다."를 확인한다                        # org.mulino.verification.ScenarioGlue.assertion(java.lang.String,java.lang.String)
  ↷ 그러면 "intake-current-assignment1" assertion으로 "종료된 부모 뒤 이상 접수의 책임 failed-link. intake-owner의 독립 고정 기대값을 대조한다."를 확인한다        # org.mulino.verification.ScenarioGlue.assertion(java.lang.String,java.lang.String)
  ↷ 그러면 "alert-not-closure" assertion으로 "종료된 부모 뒤 이상 접수의 책임 failed-link. alert-delivery-closes-intake의 독립 고정 기대값을 대조한다."를 확인한다 # org.mulino.verification.ScenarioGlue.assertion(java.lang.String,java.lang.String)
  ↷ 그러면 "parent-not-rewritten" assertion으로 "같은 대상의 독립 전후 원행을 비교한다. 조회/거부 감사의 추가는 별도 허용한다."를 확인한다                               # org.mulino.verification.ScenarioGlue.assertion(java.lang.String,java.lang.String)
  ↷ 그러면 "parent-assessment-not-rewritten" assertion으로 "같은 대상의 독립 전후 원행을 비교한다. 조회/거부 감사의 추가는 별도 허용한다."를 확인한다                    # org.mulino.verification.ScenarioGlue.assertion(java.lang.String,java.lang.String)

@C5 @D10 @D14 @D26 @sit @uat
시나리오: 종료된 부모 뒤 이상 접수의 책임 missing-intake-owner                                                                                   # target/work-51-input/verification/cases/C5/scenario.feature:25
  ✔ 먼저 사례 파일 "verification/cases/C5/case.json"의 "missing-intake-owner"를 준비한다                                                    # org.mulino.verification.ScenarioGlue.prepare(java.lang.String,java.lang.String)
  ✔ 만일 "시스템" 역할이 "setup" 행동을 수행한다                                                                                               # org.mulino.verification.ScenarioGlue.action(java.lang.String,java.lang.String)
  ✔ 만일 "A" 역할이 "before-db-snapshot" 행동을 수행한다                                                                                    # org.mulino.verification.ScenarioGlue.action(java.lang.String,java.lang.String)
  ✔ 만일 "시스템" 역할이 "before-db" 행동을 수행한다                                                                                           # org.mulino.verification.ScenarioGlue.action(java.lang.String,java.lang.String)
  ✔ 만일 "intake" 역할이 "anomaly" 행동을 수행한다                                                                                          # org.mulino.verification.ScenarioGlue.action(java.lang.String,java.lang.String)
  ✔ 만일 "A" 역할이 "after-db-snapshot" 행동을 수행한다                                                                                     # org.mulino.verification.ScenarioGlue.action(java.lang.String,java.lang.String)
  ✔ 만일 "시스템" 역할이 "after-db" 행동을 수행한다                                                                                            # org.mulino.verification.ScenarioGlue.action(java.lang.String,java.lang.String)
  ✘ 그러면 "anomaly-outcome" assertion으로 "종료된 부모 뒤 이상 접수의 책임 missing-intake-owner. intake-activation의 독립 고정 기대값을 대조한다."를 확인한다      # org.mulino.verification.ScenarioGlue.assertion(java.lang.String,java.lang.String)
        java.lang.AssertionError: source anomaly is NOT_IMPLEMENTED: NOT_IMPLEMENTED: no real product adapters installed
                at org.mulino.verification.AssertionEngine.fail(AssertionEngine.java:138)
                at org.mulino.verification.AssertionEngine.require(AssertionEngine.java:137)
                at org.mulino.verification.AssertionEngine.requireExecuted(AssertionEngine.java:77)
                at org.mulino.verification.AssertionEngine.requireSourcesAvailable(AssertionEngine.java:68)
                at org.mulino.verification.CaseRunner.assertId(CaseRunner.java:151)
                at org.mulino.verification.ScenarioGlue.assertion(ScenarioGlue.java:26)
                at ✽."anomaly-outcome" assertion으로 "종료된 부모 뒤 이상 접수의 책임 missing-intake-owner. intake-activation의 독립 고정 기대값을 대조한다."를 확인한다(file:///Volumes/VideoStore/Developer/mulino-ontology-step2-wire-async/verification/harness/target/work-51-input/verification/cases/C5/scenario.feature:33)
  ↷ 그러면 "anomaly-works-unchanged" assertion으로 "같은 대상의 독립 전후 원행을 비교한다. 조회/거부 감사의 추가는 별도 허용한다."를 확인한다                             # org.mulino.verification.ScenarioGlue.assertion(java.lang.String,java.lang.String)
  ↷ 그러면 "anomaly-obligations-unchanged" assertion으로 "같은 대상의 독립 전후 원행을 비교한다. 조회/거부 감사의 추가는 별도 허용한다."를 확인한다                       # org.mulino.verification.ScenarioGlue.assertion(java.lang.String,java.lang.String)
  ↷ 그러면 "anomaly-assignments-unchanged" assertion으로 "같은 대상의 독립 전후 원행을 비교한다. 조회/거부 감사의 추가는 별도 허용한다."를 확인한다                       # org.mulino.verification.ScenarioGlue.assertion(java.lang.String,java.lang.String)
  ↷ 그러면 "anomaly-outbox-unchanged" assertion으로 "같은 대상의 독립 전후 원행을 비교한다. 조회/거부 감사의 추가는 별도 허용한다."를 확인한다                            # org.mulino.verification.ScenarioGlue.assertion(java.lang.String,java.lang.String)
  ↷ 그러면 "anomaly-denial-audit" assertion으로 "종료된 부모 뒤 이상 접수의 책임 missing-intake-owner. intake-activation의 독립 고정 기대값을 대조한다."를 확인한다 # org.mulino.verification.ScenarioGlue.assertion(java.lang.String,java.lang.String)
  ↷ 그러면 "intake-not-activated" assertion으로 "종료된 부모 뒤 이상 접수의 책임 missing-intake-owner. intake-activation의 독립 고정 기대값을 대조한다."를 확인한다 # org.mulino.verification.ScenarioGlue.assertion(java.lang.String,java.lang.String)
  ↷ 그러면 "parent-not-rewritten" assertion으로 "같은 대상의 독립 전후 원행을 비교한다. 조회/거부 감사의 추가는 별도 허용한다."를 확인한다                                # org.mulino.verification.ScenarioGlue.assertion(java.lang.String,java.lang.String)
  ↷ 그러면 "parent-assessment-not-rewritten" assertion으로 "같은 대상의 독립 전후 원행을 비교한다. 조회/거부 감사의 추가는 별도 허용한다."를 확인한다                     # org.mulino.verification.ScenarioGlue.assertion(java.lang.String,java.lang.String)

@C5 @D10 @D14 @D26 @sit @uat
시나리오: 종료된 부모 뒤 이상 접수의 책임 missing-supervisor                                                                                   # target/work-51-input/verification/cases/C5/scenario.feature:43
  ✔ 먼저 사례 파일 "verification/cases/C5/case.json"의 "missing-supervisor"를 준비한다                                                    # org.mulino.verification.ScenarioGlue.prepare(java.lang.String,java.lang.String)
  ✔ 만일 "시스템" 역할이 "setup" 행동을 수행한다                                                                                             # org.mulino.verification.ScenarioGlue.action(java.lang.String,java.lang.String)
  ✔ 만일 "A" 역할이 "before-db-snapshot" 행동을 수행한다                                                                                  # org.mulino.verification.ScenarioGlue.action(java.lang.String,java.lang.String)
  ✔ 만일 "시스템" 역할이 "before-db" 행동을 수행한다                                                                                         # org.mulino.verification.ScenarioGlue.action(java.lang.String,java.lang.String)
  ✔ 만일 "intake" 역할이 "anomaly" 행동을 수행한다                                                                                        # org.mulino.verification.ScenarioGlue.action(java.lang.String,java.lang.String)
  ✔ 만일 "A" 역할이 "after-db-snapshot" 행동을 수행한다                                                                                   # org.mulino.verification.ScenarioGlue.action(java.lang.String,java.lang.String)
  ✔ 만일 "시스템" 역할이 "after-db" 행동을 수행한다                                                                                          # org.mulino.verification.ScenarioGlue.action(java.lang.String,java.lang.String)
  ✘ 그러면 "anomaly-outcome" assertion으로 "종료된 부모 뒤 이상 접수의 책임 missing-supervisor. intake-activation의 독립 고정 기대값을 대조한다."를 확인한다      # org.mulino.verification.ScenarioGlue.assertion(java.lang.String,java.lang.String)
        java.lang.AssertionError: source anomaly is NOT_IMPLEMENTED: NOT_IMPLEMENTED: no real product adapters installed
                at org.mulino.verification.AssertionEngine.fail(AssertionEngine.java:138)
                at org.mulino.verification.AssertionEngine.require(AssertionEngine.java:137)
                at org.mulino.verification.AssertionEngine.requireExecuted(AssertionEngine.java:77)
                at org.mulino.verification.AssertionEngine.requireSourcesAvailable(AssertionEngine.java:68)
                at org.mulino.verification.CaseRunner.assertId(CaseRunner.java:151)
                at org.mulino.verification.ScenarioGlue.assertion(ScenarioGlue.java:26)
                at ✽."anomaly-outcome" assertion으로 "종료된 부모 뒤 이상 접수의 책임 missing-supervisor. intake-activation의 독립 고정 기대값을 대조한다."를 확인한다(file:///Volumes/VideoStore/Developer/mulino-ontology-step2-wire-async/verification/harness/target/work-51-input/verification/cases/C5/scenario.feature:51)
  ↷ 그러면 "anomaly-works-unchanged" assertion으로 "같은 대상의 독립 전후 원행을 비교한다. 조회/거부 감사의 추가는 별도 허용한다."를 확인한다                           # org.mulino.verification.ScenarioGlue.assertion(java.lang.String,java.lang.String)
  ↷ 그러면 "anomaly-obligations-unchanged" assertion으로 "같은 대상의 독립 전후 원행을 비교한다. 조회/거부 감사의 추가는 별도 허용한다."를 확인한다                     # org.mulino.verification.ScenarioGlue.assertion(java.lang.String,java.lang.String)
  ↷ 그러면 "anomaly-assignments-unchanged" assertion으로 "같은 대상의 독립 전후 원행을 비교한다. 조회/거부 감사의 추가는 별도 허용한다."를 확인한다                     # org.mulino.verification.ScenarioGlue.assertion(java.lang.String,java.lang.String)
  ↷ 그러면 "anomaly-outbox-unchanged" assertion으로 "같은 대상의 독립 전후 원행을 비교한다. 조회/거부 감사의 추가는 별도 허용한다."를 확인한다                          # org.mulino.verification.ScenarioGlue.assertion(java.lang.String,java.lang.String)
  ↷ 그러면 "anomaly-denial-audit" assertion으로 "종료된 부모 뒤 이상 접수의 책임 missing-supervisor. intake-activation의 독립 고정 기대값을 대조한다."를 확인한다 # org.mulino.verification.ScenarioGlue.assertion(java.lang.String,java.lang.String)
  ↷ 그러면 "intake-not-activated" assertion으로 "종료된 부모 뒤 이상 접수의 책임 missing-supervisor. intake-activation의 독립 고정 기대값을 대조한다."를 확인한다 # org.mulino.verification.ScenarioGlue.assertion(java.lang.String,java.lang.String)
  ↷ 그러면 "parent-not-rewritten" assertion으로 "같은 대상의 독립 전후 원행을 비교한다. 조회/거부 감사의 추가는 별도 허용한다."를 확인한다                              # org.mulino.verification.ScenarioGlue.assertion(java.lang.String,java.lang.String)
  ↷ 그러면 "parent-assessment-not-rewritten" assertion으로 "같은 대상의 독립 전후 원행을 비교한다. 조회/거부 감사의 추가는 별도 허용한다."를 확인한다                   # org.mulino.verification.ScenarioGlue.assertion(java.lang.String,java.lang.String)

@C5 @D10 @D14 @D26 @sit @uat
시나리오: 같은 이상 재처리3회는 후속 업무와 의무 각각1개로 연결한다                                                                                             # target/work-51-input/verification/cases/C5/scenario.feature:61
  ✔ 먼저 사례 파일 "verification/cases/C5/case.json"의 "same-anomaly-three-retries"를 준비한다                                                  # org.mulino.verification.ScenarioGlue.prepare(java.lang.String,java.lang.String)
  ✔ 만일 "시스템" 역할이 "setup" 행동을 수행한다                                                                                                   # org.mulino.verification.ScenarioGlue.action(java.lang.String,java.lang.String)
  ✔ 만일 "intake" 역할이 "anomaly" 행동을 수행한다                                                                                              # org.mulino.verification.ScenarioGlue.action(java.lang.String,java.lang.String)
  ✔ 만일 "시스템" 역할이 "link-fault" 행동을 수행한다                                                                                              # org.mulino.verification.ScenarioGlue.action(java.lang.String,java.lang.String)
  ✔ 만일 "intake" 역할이 "failed-followup" 행동을 수행한다                                                                                      # org.mulino.verification.ScenarioGlue.action(java.lang.String,java.lang.String)
  ✔ 만일 "시스템" 역할이 "release-link-fault" 행동을 수행한다                                                                                      # org.mulino.verification.ScenarioGlue.action(java.lang.String,java.lang.String)
  ✔ 만일 "시스템" 역할이 "retry-1-advance" 행동을 수행한다                                                                                         # org.mulino.verification.ScenarioGlue.action(java.lang.String,java.lang.String)
  ✔ 만일 "시스템" 역할이 "retry-1" 행동을 수행한다                                                                                                 # org.mulino.verification.ScenarioGlue.action(java.lang.String,java.lang.String)
  ✔ 만일 "시스템" 역할이 "retry-1-terminal" 행동을 수행한다                                                                                        # org.mulino.verification.ScenarioGlue.action(java.lang.String,java.lang.String)
  ✔ 만일 "시스템" 역할이 "retry-2-advance" 행동을 수행한다                                                                                         # org.mulino.verification.ScenarioGlue.action(java.lang.String,java.lang.String)
  ✔ 만일 "시스템" 역할이 "retry-2" 행동을 수행한다                                                                                                 # org.mulino.verification.ScenarioGlue.action(java.lang.String,java.lang.String)
  ✔ 만일 "시스템" 역할이 "retry-2-terminal" 행동을 수행한다                                                                                        # org.mulino.verification.ScenarioGlue.action(java.lang.String,java.lang.String)
  ✔ 만일 "시스템" 역할이 "retry-3-advance" 행동을 수행한다                                                                                         # org.mulino.verification.ScenarioGlue.action(java.lang.String,java.lang.String)
  ✔ 만일 "시스템" 역할이 "retry-3" 행동을 수행한다                                                                                                 # org.mulino.verification.ScenarioGlue.action(java.lang.String,java.lang.String)
  ✔ 만일 "시스템" 역할이 "retry-3-terminal" 행동을 수행한다                                                                                        # org.mulino.verification.ScenarioGlue.action(java.lang.String,java.lang.String)
  ✔ 만일 "A" 역할이 "connected" 행동을 수행한다                                                                                                 # org.mulino.verification.ScenarioGlue.action(java.lang.String,java.lang.String)
  ✔ 만일 "시스템" 역할이 "after-db" 행동을 수행한다                                                                                                # org.mulino.verification.ScenarioGlue.action(java.lang.String,java.lang.String)
  ✘ 그러면 "one-anomaly-work" assertion으로 "같은 이상 재처리3회는 후속 업무와 의무 각각1개로 연결한다. anomaly-work-count의 독립 고정 기대값을 대조한다."를 확인한다              # org.mulino.verification.ScenarioGlue.assertion(java.lang.String,java.lang.String)
        java.lang.AssertionError: source after-db is NOT_IMPLEMENTED: NOT_IMPLEMENTED: no real product adapters installed
                at org.mulino.verification.AssertionEngine.fail(AssertionEngine.java:138)
                at org.mulino.verification.AssertionEngine.require(AssertionEngine.java:137)
                at org.mulino.verification.AssertionEngine.requireExecuted(AssertionEngine.java:77)
                at org.mulino.verification.AssertionEngine.requireSourcesAvailable(AssertionEngine.java:68)
                at org.mulino.verification.CaseRunner.assertId(CaseRunner.java:151)
                at org.mulino.verification.ScenarioGlue.assertion(ScenarioGlue.java:26)
                at ✽."one-anomaly-work" assertion으로 "같은 이상 재처리3회는 후속 업무와 의무 각각1개로 연결한다. anomaly-work-count의 독립 고정 기대값을 대조한다."를 확인한다(file:///Volumes/VideoStore/Developer/mulino-ontology-step2-wire-async/verification/harness/target/work-51-input/verification/cases/C5/scenario.feature:79)
  ↷ 그러면 "one-anomaly-obligation" assertion으로 "같은 이상 재처리3회는 후속 업무와 의무 각각1개로 연결한다. anomaly-obligation-count의 독립 고정 기대값을 대조한다."를 확인한다  # org.mulino.verification.ScenarioGlue.assertion(java.lang.String,java.lang.String)
  ↷ 그러면 "connected-owner" assertion으로 "같은 이상 재처리3회는 후속 업무와 의무 각각1개로 연결한다. connected-work-owner의 독립 고정 기대값을 대조한다."를 확인한다             # org.mulino.verification.ScenarioGlue.assertion(java.lang.String,java.lang.String)
  ↷ 그러면 "one-current-assignment" assertion으로 "같은 이상 재처리3회는 후속 업무와 의무 각각1개로 연결한다. connected-work-owner의 독립 고정 기대값을 대조한다."를 확인한다      # org.mulino.verification.ScenarioGlue.assertion(java.lang.String,java.lang.String)
  ↷ 그러면 "assignment-owner" assertion으로 "같은 이상 재처리3회는 후속 업무와 의무 각각1개로 연결한다. connected-work-owner의 독립 고정 기대값을 대조한다."를 확인한다            # org.mulino.verification.ScenarioGlue.assertion(java.lang.String,java.lang.String)
  ↷ 그러면 "intake-closed-after-link" assertion으로 "같은 이상 재처리3회는 후속 업무와 의무 각각1개로 연결한다. intake-close-after-link의 독립 고정 기대값을 대조한다."를 확인한다 # org.mulino.verification.ScenarioGlue.assertion(java.lang.String,java.lang.String)
  ↷ 그러면 "work-link-identity" assertion으로 "같은 이상 재처리3회는 후속 업무와 의무 각각1개로 연결한다. intake-close-after-link의 독립 고정 기대값을 대조한다."를 확인한다       # org.mulino.verification.ScenarioGlue.assertion(java.lang.String,java.lang.String)
  ↷ 그러면 "duty-work-link" assertion으로 "같은 이상 재처리3회는 후속 업무와 의무 각각1개로 연결한다. intake-close-after-link의 독립 고정 기대값을 대조한다."를 확인한다           # org.mulino.verification.ScenarioGlue.assertion(java.lang.String,java.lang.String)

@C5 @D10 @D14 @D26 @sit @uat
시나리오: 정상 관측은 근거를 보존하고 새 업무와 실행 시도를 만들지 않는다                                                                                         # target/work-51-input/verification/cases/C5/scenario.feature:88
  ✔ 먼저 사례 파일 "verification/cases/C5/case.json"의 "normal-observation-no-work"를 준비한다                                                 # org.mulino.verification.ScenarioGlue.prepare(java.lang.String,java.lang.String)
  ✔ 만일 "시스템" 역할이 "setup" 행동을 수행한다                                                                                                  # org.mulino.verification.ScenarioGlue.action(java.lang.String,java.lang.String)
  ✔ 만일 "A" 역할이 "before-db-snapshot" 행동을 수행한다                                                                                       # org.mulino.verification.ScenarioGlue.action(java.lang.String,java.lang.String)
  ✔ 만일 "시스템" 역할이 "before-db" 행동을 수행한다                                                                                              # org.mulino.verification.ScenarioGlue.action(java.lang.String,java.lang.String)
  ✔ 만일 "intake" 역할이 "normal" 행동을 수행한다                                                                                              # org.mulino.verification.ScenarioGlue.action(java.lang.String,java.lang.String)
  ✔ 만일 "시스템" 역할이 "normal-tick-advance" 행동을 수행한다                                                                                    # org.mulino.verification.ScenarioGlue.action(java.lang.String,java.lang.String)
  ✔ 만일 "시스템" 역할이 "normal-tick" 행동을 수행한다                                                                                            # org.mulino.verification.ScenarioGlue.action(java.lang.String,java.lang.String)
  ✔ 만일 "시스템" 역할이 "normal-tick-terminal" 행동을 수행한다                                                                                   # org.mulino.verification.ScenarioGlue.action(java.lang.String,java.lang.String)
  ✔ 만일 "A" 역할이 "after-db-snapshot" 행동을 수행한다                                                                                        # org.mulino.verification.ScenarioGlue.action(java.lang.String,java.lang.String)
  ✔ 만일 "시스템" 역할이 "after-db" 행동을 수행한다                                                                                               # org.mulino.verification.ScenarioGlue.action(java.lang.String,java.lang.String)
  ✘ 그러면 "no-normal-work" assertion으로 "정상 관측은 근거를 보존하고 새 업무와 실행 시도를 만들지 않는다. normal-observation-work의 독립 고정 기대값을 대조한다."를 확인한다       # org.mulino.verification.ScenarioGlue.assertion(java.lang.String,java.lang.String)
        java.lang.AssertionError: source after-db is NOT_IMPLEMENTED: NOT_IMPLEMENTED: no real product adapters installed
                at org.mulino.verification.AssertionEngine.fail(AssertionEngine.java:138)
                at org.mulino.verification.AssertionEngine.require(AssertionEngine.java:137)
                at org.mulino.verification.AssertionEngine.requireExecuted(AssertionEngine.java:77)
                at org.mulino.verification.AssertionEngine.requireSourcesAvailable(AssertionEngine.java:68)
                at org.mulino.verification.CaseRunner.assertId(CaseRunner.java:151)
                at org.mulino.verification.ScenarioGlue.assertion(ScenarioGlue.java:26)
                at ✽."no-normal-work" assertion으로 "정상 관측은 근거를 보존하고 새 업무와 실행 시도를 만들지 않는다. normal-observation-work의 독립 고정 기대값을 대조한다."를 확인한다(file:///Volumes/VideoStore/Developer/mulino-ontology-step2-wire-async/verification/harness/target/work-51-input/verification/cases/C5/scenario.feature:99)
  ↷ 그러면 "work-set-unchanged" assertion으로 "같은 대상의 독립 전후 원행을 비교한다. 조회/거부 감사의 추가는 별도 허용한다."를 확인한다                                     # org.mulino.verification.ScenarioGlue.assertion(java.lang.String,java.lang.String)
  ↷ 그러면 "no-normal-execution" assertion으로 "정상 관측은 근거를 보존하고 새 업무와 실행 시도를 만들지 않는다. normal-observation-run의 독립 고정 기대값을 대조한다."를 확인한다   # org.mulino.verification.ScenarioGlue.assertion(java.lang.String,java.lang.String)
  ↷ 그러면 "no-normal-obligation" assertion으로 "정상 관측은 근거를 보존하고 새 업무와 실행 시도를 만들지 않는다. intake-close-after-link의 독립 고정 기대값을 대조한다."를 확인한다 # org.mulino.verification.ScenarioGlue.assertion(java.lang.String,java.lang.String)
  ↷ 그러면 "normal-intake-reason" assertion으로 "정상 관측은 근거를 보존하고 새 업무와 실행 시도를 만들지 않는다. intake-close-after-link의 독립 고정 기대값을 대조한다."를 확인한다 # org.mulino.verification.ScenarioGlue.assertion(java.lang.String,java.lang.String)

@T09 @D09 @sit @uat
시나리오: 월60 수령·화60 출고·수40 수령의 누적100과 현재40을 구별한다                                                                                                              # target/work-51-input/verification/cases/T09/scenario.feature:5
  ✔ 먼저 사례 파일 "verification/cases/T09/case.json"의 "cumulative-versus-state"를 준비한다                                                                           # org.mulino.verification.ScenarioGlue.prepare(java.lang.String,java.lang.String)
  ✔ 만일 "시스템" 역할이 "setup" 행동을 수행한다                                                                                                                          # org.mulino.verification.ScenarioGlue.action(java.lang.String,java.lang.String)
  ✔ 만일 "A" 역할이 "cumulative" 행동을 수행한다                                                                                                                       # org.mulino.verification.ScenarioGlue.action(java.lang.String,java.lang.String)
  ✔ 만일 "A" 역할이 "state" 행동을 수행한다                                                                                                                            # org.mulino.verification.ScenarioGlue.action(java.lang.String,java.lang.String)
  ✔ 만일 "warehouse" 역할이 "receive60" 행동을 수행한다                                                                                                                # org.mulino.verification.ScenarioGlue.action(java.lang.String,java.lang.String)
  ✔ 만일 "A" 역할이 "sale60" 행동을 수행한다                                                                                                                           # org.mulino.verification.ScenarioGlue.action(java.lang.String,java.lang.String)
  ✔ 만일 "warehouse" 역할이 "reserve60" 행동을 수행한다                                                                                                                # org.mulino.verification.ScenarioGlue.action(java.lang.String,java.lang.String)
  ✔ 만일 "warehouse" 역할이 "pick60" 행동을 수행한다                                                                                                                   # org.mulino.verification.ScenarioGlue.action(java.lang.String,java.lang.String)
  ✔ 만일 "warehouse" 역할이 "dispatch60" 행동을 수행한다                                                                                                               # org.mulino.verification.ScenarioGlue.action(java.lang.String,java.lang.String)
  ✔ 만일 "warehouse" 역할이 "receive40" 행동을 수행한다                                                                                                                # org.mulino.verification.ScenarioGlue.action(java.lang.String,java.lang.String)
  ✔ 만일 "A" 역할이 "cumulative-assessment" 행동을 수행한다                                                                                                            # org.mulino.verification.ScenarioGlue.action(java.lang.String,java.lang.String)
  ✔ 만일 "A" 역할이 "state-assessment" 행동을 수행한다                                                                                                                 # org.mulino.verification.ScenarioGlue.action(java.lang.String,java.lang.String)
  ✔ 만일 "A" 역할이 "inventory" 행동을 수행한다                                                                                                                        # org.mulino.verification.ScenarioGlue.action(java.lang.String,java.lang.String)
  ✔ 만일 "시스템" 역할이 "after-db" 행동을 수행한다                                                                                                                       # org.mulino.verification.ScenarioGlue.action(java.lang.String,java.lang.String)
  ✘ 그러면 "api-arrived100" assertion으로 "월60 수령·화60 출고·수40 수령의 누적100과 현재40을 구별한다. cumulative-arrived의 독립 고정 기대값을 대조한다."를 확인한다                                 # org.mulino.verification.ScenarioGlue.assertion(java.lang.String,java.lang.String)
        java.lang.AssertionError: source cumulative-assessment is NOT_IMPLEMENTED: NOT_IMPLEMENTED: no real product adapters installed
                at org.mulino.verification.AssertionEngine.fail(AssertionEngine.java:138)
                at org.mulino.verification.AssertionEngine.require(AssertionEngine.java:137)
                at org.mulino.verification.AssertionEngine.requireExecuted(AssertionEngine.java:77)
                at org.mulino.verification.AssertionEngine.requireSourcesAvailable(AssertionEngine.java:68)
                at org.mulino.verification.CaseRunner.assertId(CaseRunner.java:151)
                at org.mulino.verification.ScenarioGlue.assertion(ScenarioGlue.java:26)
                at ✽."api-arrived100" assertion으로 "월60 수령·화60 출고·수40 수령의 누적100과 현재40을 구별한다. cumulative-arrived의 독립 고정 기대값을 대조한다."를 확인한다(file:///Volumes/VideoStore/Developer/mulino-ontology-step2-wire-async/verification/harness/target/work-51-input/verification/cases/T09/scenario.feature:20)
  ↷ 그러면 "raw-receipt-sum100" assertion으로 "월60 수령·화60 출고·수40 수령의 누적100과 현재40을 구별한다. cumulative-arrived의 독립 고정 기대값을 대조한다."를 확인한다                             # org.mulino.verification.ScenarioGlue.assertion(java.lang.String,java.lang.String)
  ↷ 그러면 "api-held40" assertion으로 "월60 수령·화60 출고·수40 수령의 누적100과 현재40을 구별한다. state-held의 독립 고정 기대값을 대조한다."를 확인한다                                             # org.mulino.verification.ScenarioGlue.assertion(java.lang.String,java.lang.String)
  ↷ 그러면 "raw-current-leaf-sum40" assertion으로 "월60 수령·화60 출고·수40 수령의 누적100과 현재40을 구별한다. state-held의 독립 고정 기대값을 대조한다."를 확인한다                                 # org.mulino.verification.ScenarioGlue.assertion(java.lang.String,java.lang.String)
  ↷ 그러면 "arrival-distinct-identities" assertion으로 "월60 수령·화60 출고·수40 수령의 누적100과 현재40을 구별한다. goal-mode-fields의 독립 고정 기대값을 대조한다."를 확인한다                      # org.mulino.verification.ScenarioGlue.assertion(java.lang.String,java.lang.String)
  ↷ 그러면 "cumulative-assessment-api-result" assertion으로 "월60 수령·화60 출고·수40 수령의 누적100과 현재40을 구별한다. cumulative-result의 독립 고정 기대값을 대조한다."를 확인한다                # org.mulino.verification.ScenarioGlue.assertion(java.lang.String,java.lang.String)
  ↷ 그러면 "cumulative-assessment-db-result" assertion으로 "월60 수령·화60 출고·수40 수령의 누적100과 현재40을 구별한다. cumulative-result의 독립 고정 기대값을 대조한다."를 확인한다                 # org.mulino.verification.ScenarioGlue.assertion(java.lang.String,java.lang.String)
  ↷ 그러면 "state-assessment-api-result" assertion으로 "월60 수령·화60 출고·수40 수령의 누적100과 현재40을 구별한다. state-result의 독립 고정 기대값을 대조한다."를 확인한다                          # org.mulino.verification.ScenarioGlue.assertion(java.lang.String,java.lang.String)
  ↷ 그러면 "state-assessment-db-result" assertion으로 "월60 수령·화60 출고·수40 수령의 누적100과 현재40을 구별한다. state-result의 독립 고정 기대값을 대조한다."를 확인한다                           # org.mulino.verification.ScenarioGlue.assertion(java.lang.String,java.lang.String)
  ↷ 그러면 "cumulative_event-goal-mode" assertion으로 "월60 수령·화60 출고·수40 수령의 누적100과 현재40을 구별한다. goal-mode-fields의 독립 고정 기대값을 대조한다."를 확인한다                       # org.mulino.verification.ScenarioGlue.assertion(java.lang.String,java.lang.String)
  ↷ 그러면 "cumulative_event-field-quantity" assertion으로 "월60 수령·화60 출고·수40 수령의 누적100과 현재40을 구별한다. goal-mode-fields의 독립 고정 기대값을 대조한다."를 확인한다                  # org.mulino.verification.ScenarioGlue.assertion(java.lang.String,java.lang.String)
  ↷ 그러면 "cumulative_event-field-unit" assertion으로 "월60 수령·화60 출고·수40 수령의 누적100과 현재40을 구별한다. goal-mode-fields의 독립 고정 기대값을 대조한다."를 확인한다                      # org.mulino.verification.ScenarioGlue.assertion(java.lang.String,java.lang.String)
  ↷ 그러면 "cumulative_event-field-placeId" assertion으로 "월60 수령·화60 출고·수40 수령의 누적100과 현재40을 구별한다. goal-mode-fields의 독립 고정 기대값을 대조한다."를 확인한다                   # org.mulino.verification.ScenarioGlue.assertion(java.lang.String,java.lang.String)
  ↷ 그러면 "cumulative_event-field-endpoint" assertion으로 "월60 수령·화60 출고·수40 수령의 누적100과 현재40을 구별한다. goal-mode-fields의 독립 고정 기대값을 대조한다."를 확인한다                  # org.mulino.verification.ScenarioGlue.assertion(java.lang.String,java.lang.String)
  ↷ 그러면 "cumulative_event-field-evidencePolicyVersion" assertion으로 "월60 수령·화60 출고·수40 수령의 누적100과 현재40을 구별한다. goal-mode-fields의 독립 고정 기대값을 대조한다."를 확인한다     # org.mulino.verification.ScenarioGlue.assertion(java.lang.String,java.lang.String)
  ↷ 그러면 "cumulative_event-field-periodStart" assertion으로 "월60 수령·화60 출고·수40 수령의 누적100과 현재40을 구별한다. goal-mode-fields의 독립 고정 기대값을 대조한다."를 확인한다               # org.mulino.verification.ScenarioGlue.assertion(java.lang.String,java.lang.String)
  ↷ 그러면 "cumulative_event-field-periodEnd" assertion으로 "월60 수령·화60 출고·수40 수령의 누적100과 현재40을 구별한다. goal-mode-fields의 독립 고정 기대값을 대조한다."를 확인한다                 # org.mulino.verification.ScenarioGlue.assertion(java.lang.String,java.lang.String)
  ↷ 그러면 "cumulative_event-field-eventKinds" assertion으로 "월60 수령·화60 출고·수40 수령의 누적100과 현재40을 구별한다. goal-mode-fields의 독립 고정 기대값을 대조한다."를 확인한다                # org.mulino.verification.ScenarioGlue.assertion(java.lang.String,java.lang.String)
  ↷ 그러면 "cumulative_event-field-distinctContributionScope" assertion으로 "월60 수령·화60 출고·수40 수령의 누적100과 현재40을 구별한다. goal-mode-fields의 독립 고정 기대값을 대조한다."를 확인한다 # org.mulino.verification.ScenarioGlue.assertion(java.lang.String,java.lang.String)
  ↷ 그러면 "state_at-goal-mode" assertion으로 "월60 수령·화60 출고·수40 수령의 누적100과 현재40을 구별한다. goal-mode-fields의 독립 고정 기대값을 대조한다."를 확인한다                               # org.mulino.verification.ScenarioGlue.assertion(java.lang.String,java.lang.String)
  ↷ 그러면 "state_at-field-quantity" assertion으로 "월60 수령·화60 출고·수40 수령의 누적100과 현재40을 구별한다. goal-mode-fields의 독립 고정 기대값을 대조한다."를 확인한다                          # org.mulino.verification.ScenarioGlue.assertion(java.lang.String,java.lang.String)
  ↷ 그러면 "state_at-field-unit" assertion으로 "월60 수령·화60 출고·수40 수령의 누적100과 현재40을 구별한다. goal-mode-fields의 독립 고정 기대값을 대조한다."를 확인한다                              # org.mulino.verification.ScenarioGlue.assertion(java.lang.String,java.lang.String)
  ↷ 그러면 "state_at-field-placeId" assertion으로 "월60 수령·화60 출고·수40 수령의 누적100과 현재40을 구별한다. goal-mode-fields의 독립 고정 기대값을 대조한다."를 확인한다                           # org.mulino.verification.ScenarioGlue.assertion(java.lang.String,java.lang.String)
  ↷ 그러면 "state_at-field-endpoint" assertion으로 "월60 수령·화60 출고·수40 수령의 누적100과 현재40을 구별한다. goal-mode-fields의 독립 고정 기대값을 대조한다."를 확인한다                          # org.mulino.verification.ScenarioGlue.assertion(java.lang.String,java.lang.String)
  ↷ 그러면 "state_at-field-evidencePolicyVersion" assertion으로 "월60 수령·화60 출고·수40 수령의 누적100과 현재40을 구별한다. goal-mode-fields의 독립 고정 기대값을 대조한다."를 확인한다             # org.mulino.verification.ScenarioGlue.assertion(java.lang.String,java.lang.String)
  ↷ 그러면 "state_at-field-evaluationTime" assertion으로 "월60 수령·화60 출고·수40 수령의 누적100과 현재40을 구별한다. goal-mode-fields의 독립 고정 기대값을 대조한다."를 확인한다                    # org.mulino.verification.ScenarioGlue.assertion(java.lang.String,java.lang.String)
  ↷ 그러면 "state_at-field-eligibilityAction" assertion으로 "월60 수령·화60 출고·수40 수령의 누적100과 현재40을 구별한다. goal-mode-fields의 독립 고정 기대값을 대조한다."를 확인한다                 # org.mulino.verification.ScenarioGlue.assertion(java.lang.String,java.lang.String)
  ↷ 그러면 "state_at-field-includeReservations" assertion으로 "월60 수령·화60 출고·수40 수령의 누적100과 현재40을 구별한다. goal-mode-fields의 독립 고정 기대값을 대조한다."를 확인한다               # org.mulino.verification.ScenarioGlue.assertion(java.lang.String,java.lang.String)

@T09 @D09 @sit @uat
시나리오: 단계별 필수 정보 lot-not-yet-required                                                                                         # target/work-51-input/verification/cases/T09/scenario.feature:49
  ✔ 먼저 사례 파일 "verification/cases/T09/case.json"의 "lot-not-yet-required"를 준비한다                                                # org.mulino.verification.ScenarioGlue.prepare(java.lang.String,java.lang.String)
  ✔ 만일 "시스템" 역할이 "setup" 행동을 수행한다                                                                                            # org.mulino.verification.ScenarioGlue.action(java.lang.String,java.lang.String)
  ✔ 만일 "A" 역할이 "before-db-snapshot" 행동을 수행한다                                                                                 # org.mulino.verification.ScenarioGlue.action(java.lang.String,java.lang.String)
  ✔ 만일 "시스템" 역할이 "before-db" 행동을 수행한다                                                                                        # org.mulino.verification.ScenarioGlue.action(java.lang.String,java.lang.String)
  ✔ 만일 "A" 역할이 "draft" 행동을 수행한다                                                                                              # org.mulino.verification.ScenarioGlue.action(java.lang.String,java.lang.String)
  ✔ 만일 "A" 역할이 "activate" 행동을 수행한다                                                                                           # org.mulino.verification.ScenarioGlue.action(java.lang.String,java.lang.String)
  ✔ 만일 "A" 역할이 "after-db-snapshot" 행동을 수행한다                                                                                  # org.mulino.verification.ScenarioGlue.action(java.lang.String,java.lang.String)
  ✔ 만일 "시스템" 역할이 "after-db" 행동을 수행한다                                                                                         # org.mulino.verification.ScenarioGlue.action(java.lang.String,java.lang.String)
  ✘ 그러면 "draft-outcome" assertion으로 "단계별 필수 정보 lot-not-yet-required. stage-requirements의 독립 고정 기대값을 대조한다."를 확인한다             # org.mulino.verification.ScenarioGlue.assertion(java.lang.String,java.lang.String)
        java.lang.AssertionError: source draft is NOT_IMPLEMENTED: NOT_IMPLEMENTED: no real product adapters installed
                at org.mulino.verification.AssertionEngine.fail(AssertionEngine.java:138)
                at org.mulino.verification.AssertionEngine.require(AssertionEngine.java:137)
                at org.mulino.verification.AssertionEngine.requireExecuted(AssertionEngine.java:77)
                at org.mulino.verification.AssertionEngine.requireSourcesAvailable(AssertionEngine.java:68)
                at org.mulino.verification.CaseRunner.assertId(CaseRunner.java:151)
                at org.mulino.verification.ScenarioGlue.assertion(ScenarioGlue.java:26)
                at ✽."draft-outcome" assertion으로 "단계별 필수 정보 lot-not-yet-required. stage-requirements의 독립 고정 기대값을 대조한다."를 확인한다(file:///Volumes/VideoStore/Developer/mulino-ontology-step2-wire-async/verification/harness/target/work-51-input/verification/cases/T09/scenario.feature:58)
  ↷ 그러면 "activation-no-lot-allowed" assertion으로 "단계별 필수 정보 lot-not-yet-required. stage-requirements의 독립 고정 기대값을 대조한다."를 확인한다 # org.mulino.verification.ScenarioGlue.assertion(java.lang.String,java.lang.String)
  ↷ 그러면 "no-draft-physical-movements" assertion으로 "같은 대상의 독립 전후 원행을 비교한다. 조회/거부 감사의 추가는 별도 허용한다."를 확인한다                      # org.mulino.verification.ScenarioGlue.assertion(java.lang.String,java.lang.String)
  ↷ 그러면 "no-draft-physical-contributions" assertion으로 "같은 대상의 독립 전후 원행을 비교한다. 조회/거부 감사의 추가는 별도 허용한다."를 확인한다                  # org.mulino.verification.ScenarioGlue.assertion(java.lang.String,java.lang.String)
  ↷ 그러면 "no-draft-physical-outbox" assertion으로 "같은 대상의 독립 전후 원행을 비교한다. 조회/거부 감사의 추가는 별도 허용한다."를 확인한다                         # org.mulino.verification.ScenarioGlue.assertion(java.lang.String,java.lang.String)

@T09 @D09 @sit @uat
시나리오: 단계별 필수 정보 missing-quantity                                                                                      # target/work-51-input/verification/cases/T09/scenario.feature:64
  ✔ 먼저 사례 파일 "verification/cases/T09/case.json"의 "missing-quantity"를 준비한다                                             # org.mulino.verification.ScenarioGlue.prepare(java.lang.String,java.lang.String)
  ✔ 만일 "시스템" 역할이 "setup" 행동을 수행한다                                                                                     # org.mulino.verification.ScenarioGlue.action(java.lang.String,java.lang.String)
  ✔ 만일 "A" 역할이 "before-db-snapshot" 행동을 수행한다                                                                          # org.mulino.verification.ScenarioGlue.action(java.lang.String,java.lang.String)
  ✔ 만일 "시스템" 역할이 "before-db" 행동을 수행한다                                                                                 # org.mulino.verification.ScenarioGlue.action(java.lang.String,java.lang.String)
  ✔ 만일 "A" 역할이 "draft" 행동을 수행한다                                                                                       # org.mulino.verification.ScenarioGlue.action(java.lang.String,java.lang.String)
  ✔ 만일 "A" 역할이 "activate" 행동을 수행한다                                                                                    # org.mulino.verification.ScenarioGlue.action(java.lang.String,java.lang.String)
  ✔ 만일 "A" 역할이 "after-db-snapshot" 행동을 수행한다                                                                           # org.mulino.verification.ScenarioGlue.action(java.lang.String,java.lang.String)
  ✔ 만일 "시스템" 역할이 "after-db" 행동을 수행한다                                                                                  # org.mulino.verification.ScenarioGlue.action(java.lang.String,java.lang.String)
  ✘ 그러면 "draft-outcome" assertion으로 "단계별 필수 정보 missing-quantity. stage-requirements의 독립 고정 기대값을 대조한다."를 확인한다          # org.mulino.verification.ScenarioGlue.assertion(java.lang.String,java.lang.String)
        java.lang.AssertionError: source draft is NOT_IMPLEMENTED: NOT_IMPLEMENTED: no real product adapters installed
                at org.mulino.verification.AssertionEngine.fail(AssertionEngine.java:138)
                at org.mulino.verification.AssertionEngine.require(AssertionEngine.java:137)
                at org.mulino.verification.AssertionEngine.requireExecuted(AssertionEngine.java:77)
                at org.mulino.verification.AssertionEngine.requireSourcesAvailable(AssertionEngine.java:68)
                at org.mulino.verification.CaseRunner.assertId(CaseRunner.java:151)
                at org.mulino.verification.ScenarioGlue.assertion(ScenarioGlue.java:26)
                at ✽."draft-outcome" assertion으로 "단계별 필수 정보 missing-quantity. stage-requirements의 독립 고정 기대값을 대조한다."를 확인한다(file:///Volumes/VideoStore/Developer/mulino-ontology-step2-wire-async/verification/harness/target/work-51-input/verification/cases/T09/scenario.feature:73)
  ↷ 그러면 "activation-needs-input" assertion으로 "단계별 필수 정보 missing-quantity. stage-requirements의 독립 고정 기대값을 대조한다."를 확인한다 # org.mulino.verification.ScenarioGlue.assertion(java.lang.String,java.lang.String)
  ↷ 그러면 "draft-still-draft" assertion으로 "단계별 필수 정보 missing-quantity. stage-requirements의 독립 고정 기대값을 대조한다."를 확인한다      # org.mulino.verification.ScenarioGlue.assertion(java.lang.String,java.lang.String)
  ↷ 그러면 "no-draft-physical-movements" assertion으로 "같은 대상의 독립 전후 원행을 비교한다. 조회/거부 감사의 추가는 별도 허용한다."를 확인한다               # org.mulino.verification.ScenarioGlue.assertion(java.lang.String,java.lang.String)
  ↷ 그러면 "no-draft-physical-contributions" assertion으로 "같은 대상의 독립 전후 원행을 비교한다. 조회/거부 감사의 추가는 별도 허용한다."를 확인한다           # org.mulino.verification.ScenarioGlue.assertion(java.lang.String,java.lang.String)
  ↷ 그러면 "no-draft-physical-outbox" assertion으로 "같은 대상의 독립 전후 원행을 비교한다. 조회/거부 감사의 추가는 별도 허용한다."를 확인한다                  # org.mulino.verification.ScenarioGlue.assertion(java.lang.String,java.lang.String)

@T09 @D09 @sit @uat
시나리오: 단계별 필수 정보 missing-dueAt                                                                                      # target/work-51-input/verification/cases/T09/scenario.feature:80
  ✔ 먼저 사례 파일 "verification/cases/T09/case.json"의 "missing-dueAt"를 준비한다                                             # org.mulino.verification.ScenarioGlue.prepare(java.lang.String,java.lang.String)
  ✔ 만일 "시스템" 역할이 "setup" 행동을 수행한다                                                                                  # org.mulino.verification.ScenarioGlue.action(java.lang.String,java.lang.String)
  ✔ 만일 "A" 역할이 "before-db-snapshot" 행동을 수행한다                                                                       # org.mulino.verification.ScenarioGlue.action(java.lang.String,java.lang.String)
  ✔ 만일 "시스템" 역할이 "before-db" 행동을 수행한다                                                                              # org.mulino.verification.ScenarioGlue.action(java.lang.String,java.lang.String)
  ✔ 만일 "A" 역할이 "draft" 행동을 수행한다                                                                                    # org.mulino.verification.ScenarioGlue.action(java.lang.String,java.lang.String)
  ✔ 만일 "A" 역할이 "activate" 행동을 수행한다                                                                                 # org.mulino.verification.ScenarioGlue.action(java.lang.String,java.lang.String)
  ✔ 만일 "A" 역할이 "after-db-snapshot" 행동을 수행한다                                                                        # org.mulino.verification.ScenarioGlue.action(java.lang.String,java.lang.String)
  ✔ 만일 "시스템" 역할이 "after-db" 행동을 수행한다                                                                               # org.mulino.verification.ScenarioGlue.action(java.lang.String,java.lang.String)
  ✘ 그러면 "draft-outcome" assertion으로 "단계별 필수 정보 missing-dueAt. stage-requirements의 독립 고정 기대값을 대조한다."를 확인한다          # org.mulino.verification.ScenarioGlue.assertion(java.lang.String,java.lang.String)
        java.lang.AssertionError: source draft is NOT_IMPLEMENTED: NOT_IMPLEMENTED: no real product adapters installed
                at org.mulino.verification.AssertionEngine.fail(AssertionEngine.java:138)
                at org.mulino.verification.AssertionEngine.require(AssertionEngine.java:137)
                at org.mulino.verification.AssertionEngine.requireExecuted(AssertionEngine.java:77)
                at org.mulino.verification.AssertionEngine.requireSourcesAvailable(AssertionEngine.java:68)
                at org.mulino.verification.CaseRunner.assertId(CaseRunner.java:151)
                at org.mulino.verification.ScenarioGlue.assertion(ScenarioGlue.java:26)
                at ✽."draft-outcome" assertion으로 "단계별 필수 정보 missing-dueAt. stage-requirements의 독립 고정 기대값을 대조한다."를 확인한다(file:///Volumes/VideoStore/Developer/mulino-ontology-step2-wire-async/verification/harness/target/work-51-input/verification/cases/T09/scenario.feature:89)
  ↷ 그러면 "activation-needs-input" assertion으로 "단계별 필수 정보 missing-dueAt. stage-requirements의 독립 고정 기대값을 대조한다."를 확인한다 # org.mulino.verification.ScenarioGlue.assertion(java.lang.String,java.lang.String)
  ↷ 그러면 "draft-still-draft" assertion으로 "단계별 필수 정보 missing-dueAt. stage-requirements의 독립 고정 기대값을 대조한다."를 확인한다      # org.mulino.verification.ScenarioGlue.assertion(java.lang.String,java.lang.String)
  ↷ 그러면 "no-draft-physical-movements" assertion으로 "같은 대상의 독립 전후 원행을 비교한다. 조회/거부 감사의 추가는 별도 허용한다."를 확인한다            # org.mulino.verification.ScenarioGlue.assertion(java.lang.String,java.lang.String)
  ↷ 그러면 "no-draft-physical-contributions" assertion으로 "같은 대상의 독립 전후 원행을 비교한다. 조회/거부 감사의 추가는 별도 허용한다."를 확인한다        # org.mulino.verification.ScenarioGlue.assertion(java.lang.String,java.lang.String)
  ↷ 그러면 "no-draft-physical-outbox" assertion으로 "같은 대상의 독립 전후 원행을 비교한다. 조회/거부 감사의 추가는 별도 허용한다."를 확인한다               # org.mulino.verification.ScenarioGlue.assertion(java.lang.String,java.lang.String)

@T09 @D09 @sit @uat
시나리오: 단계별 필수 정보 missing-endpoint                                                                                      # target/work-51-input/verification/cases/T09/scenario.feature:96
  ✔ 먼저 사례 파일 "verification/cases/T09/case.json"의 "missing-endpoint"를 준비한다                                             # org.mulino.verification.ScenarioGlue.prepare(java.lang.String,java.lang.String)
  ✔ 만일 "시스템" 역할이 "setup" 행동을 수행한다                                                                                     # org.mulino.verification.ScenarioGlue.action(java.lang.String,java.lang.String)
  ✔ 만일 "A" 역할이 "before-db-snapshot" 행동을 수행한다                                                                          # org.mulino.verification.ScenarioGlue.action(java.lang.String,java.lang.String)
  ✔ 만일 "시스템" 역할이 "before-db" 행동을 수행한다                                                                                 # org.mulino.verification.ScenarioGlue.action(java.lang.String,java.lang.String)
  ✔ 만일 "A" 역할이 "draft" 행동을 수행한다                                                                                       # org.mulino.verification.ScenarioGlue.action(java.lang.String,java.lang.String)
  ✔ 만일 "A" 역할이 "activate" 행동을 수행한다                                                                                    # org.mulino.verification.ScenarioGlue.action(java.lang.String,java.lang.String)
  ✔ 만일 "A" 역할이 "after-db-snapshot" 행동을 수행한다                                                                           # org.mulino.verification.ScenarioGlue.action(java.lang.String,java.lang.String)
  ✔ 만일 "시스템" 역할이 "after-db" 행동을 수행한다                                                                                  # org.mulino.verification.ScenarioGlue.action(java.lang.String,java.lang.String)
  ✘ 그러면 "draft-outcome" assertion으로 "단계별 필수 정보 missing-endpoint. stage-requirements의 독립 고정 기대값을 대조한다."를 확인한다          # org.mulino.verification.ScenarioGlue.assertion(java.lang.String,java.lang.String)
        java.lang.AssertionError: source draft is NOT_IMPLEMENTED: NOT_IMPLEMENTED: no real product adapters installed
                at org.mulino.verification.AssertionEngine.fail(AssertionEngine.java:138)
                at org.mulino.verification.AssertionEngine.require(AssertionEngine.java:137)
                at org.mulino.verification.AssertionEngine.requireExecuted(AssertionEngine.java:77)
                at org.mulino.verification.AssertionEngine.requireSourcesAvailable(AssertionEngine.java:68)
                at org.mulino.verification.CaseRunner.assertId(CaseRunner.java:151)
                at org.mulino.verification.ScenarioGlue.assertion(ScenarioGlue.java:26)
                at ✽."draft-outcome" assertion으로 "단계별 필수 정보 missing-endpoint. stage-requirements의 독립 고정 기대값을 대조한다."를 확인한다(file:///Volumes/VideoStore/Developer/mulino-ontology-step2-wire-async/verification/harness/target/work-51-input/verification/cases/T09/scenario.feature:105)
  ↷ 그러면 "activation-needs-input" assertion으로 "단계별 필수 정보 missing-endpoint. stage-requirements의 독립 고정 기대값을 대조한다."를 확인한다 # org.mulino.verification.ScenarioGlue.assertion(java.lang.String,java.lang.String)
  ↷ 그러면 "draft-still-draft" assertion으로 "단계별 필수 정보 missing-endpoint. stage-requirements의 독립 고정 기대값을 대조한다."를 확인한다      # org.mulino.verification.ScenarioGlue.assertion(java.lang.String,java.lang.String)
  ↷ 그러면 "no-draft-physical-movements" assertion으로 "같은 대상의 독립 전후 원행을 비교한다. 조회/거부 감사의 추가는 별도 허용한다."를 확인한다               # org.mulino.verification.ScenarioGlue.assertion(java.lang.String,java.lang.String)
  ↷ 그러면 "no-draft-physical-contributions" assertion으로 "같은 대상의 독립 전후 원행을 비교한다. 조회/거부 감사의 추가는 별도 허용한다."를 확인한다           # org.mulino.verification.ScenarioGlue.assertion(java.lang.String,java.lang.String)
  ↷ 그러면 "no-draft-physical-outbox" assertion으로 "같은 대상의 독립 전후 원행을 비교한다. 조회/거부 감사의 추가는 별도 허용한다."를 확인한다                  # org.mulino.verification.ScenarioGlue.assertion(java.lang.String,java.lang.String)

@T09 @D09 @sit @uat
시나리오: 단계별 필수 정보 receipt-missing-lot                                                                                         # target/work-51-input/verification/cases/T09/scenario.feature:112
  ✔ 먼저 사례 파일 "verification/cases/T09/case.json"의 "receipt-missing-lot"를 준비한다                                                # org.mulino.verification.ScenarioGlue.prepare(java.lang.String,java.lang.String)
  ✔ 만일 "시스템" 역할이 "setup" 행동을 수행한다                                                                                           # org.mulino.verification.ScenarioGlue.action(java.lang.String,java.lang.String)
  ✔ 만일 "A" 역할이 "before-db-snapshot" 행동을 수행한다                                                                                # org.mulino.verification.ScenarioGlue.action(java.lang.String,java.lang.String)
  ✔ 만일 "시스템" 역할이 "before-db" 행동을 수행한다                                                                                       # org.mulino.verification.ScenarioGlue.action(java.lang.String,java.lang.String)
  ✔ 만일 "A" 역할이 "draft" 행동을 수행한다                                                                                             # org.mulino.verification.ScenarioGlue.action(java.lang.String,java.lang.String)
  ✔ 만일 "A" 역할이 "activate" 행동을 수행한다                                                                                          # org.mulino.verification.ScenarioGlue.action(java.lang.String,java.lang.String)
  ✔ 만일 "A" 역할이 "receipt" 행동을 수행한다                                                                                           # org.mulino.verification.ScenarioGlue.action(java.lang.String,java.lang.String)
  ✔ 만일 "A" 역할이 "after-db-snapshot" 행동을 수행한다                                                                                 # org.mulino.verification.ScenarioGlue.action(java.lang.String,java.lang.String)
  ✔ 만일 "시스템" 역할이 "after-db" 행동을 수행한다                                                                                        # org.mulino.verification.ScenarioGlue.action(java.lang.String,java.lang.String)
  ✘ 그러면 "draft-outcome" assertion으로 "단계별 필수 정보 receipt-missing-lot. stage-requirements의 독립 고정 기대값을 대조한다."를 확인한다             # org.mulino.verification.ScenarioGlue.assertion(java.lang.String,java.lang.String)
        java.lang.AssertionError: source draft is NOT_IMPLEMENTED: NOT_IMPLEMENTED: no real product adapters installed
                at org.mulino.verification.AssertionEngine.fail(AssertionEngine.java:138)
                at org.mulino.verification.AssertionEngine.require(AssertionEngine.java:137)
                at org.mulino.verification.AssertionEngine.requireExecuted(AssertionEngine.java:77)
                at org.mulino.verification.AssertionEngine.requireSourcesAvailable(AssertionEngine.java:68)
                at org.mulino.verification.CaseRunner.assertId(CaseRunner.java:151)
                at org.mulino.verification.ScenarioGlue.assertion(ScenarioGlue.java:26)
                at ✽."draft-outcome" assertion으로 "단계별 필수 정보 receipt-missing-lot. stage-requirements의 독립 고정 기대값을 대조한다."를 확인한다(file:///Volumes/VideoStore/Developer/mulino-ontology-step2-wire-async/verification/harness/target/work-51-input/verification/cases/T09/scenario.feature:122)
  ↷ 그러면 "activation-no-lot-allowed" assertion으로 "단계별 필수 정보 receipt-missing-lot. stage-requirements의 독립 고정 기대값을 대조한다."를 확인한다 # org.mulino.verification.ScenarioGlue.assertion(java.lang.String,java.lang.String)
  ↷ 그러면 "receipt-outcome" assertion으로 "단계별 필수 정보 receipt-missing-lot. stage-requirements의 독립 고정 기대값을 대조한다."를 확인한다           # org.mulino.verification.ScenarioGlue.assertion(java.lang.String,java.lang.String)
  ↷ 그러면 "receipt-movements-unchanged" assertion으로 "같은 대상의 독립 전후 원행을 비교한다. 조회/거부 감사의 추가는 별도 허용한다."를 확인한다                     # org.mulino.verification.ScenarioGlue.assertion(java.lang.String,java.lang.String)
  ↷ 그러면 "receipt-contributions-unchanged" assertion으로 "같은 대상의 독립 전후 원행을 비교한다. 조회/거부 감사의 추가는 별도 허용한다."를 확인한다                 # org.mulino.verification.ScenarioGlue.assertion(java.lang.String,java.lang.String)
  ↷ 그러면 "receipt-approvals-unchanged" assertion으로 "같은 대상의 독립 전후 원행을 비교한다. 조회/거부 감사의 추가는 별도 허용한다."를 확인한다                     # org.mulino.verification.ScenarioGlue.assertion(java.lang.String,java.lang.String)
  ↷ 그러면 "receipt-outbox-unchanged" assertion으로 "같은 대상의 독립 전후 원행을 비교한다. 조회/거부 감사의 추가는 별도 허용한다."를 확인한다                        # org.mulino.verification.ScenarioGlue.assertion(java.lang.String,java.lang.String)
  ↷ 그러면 "receipt-denial-audit" assertion으로 "단계별 필수 정보 receipt-missing-lot. stage-requirements의 독립 고정 기대값을 대조한다."를 확인한다      # org.mulino.verification.ScenarioGlue.assertion(java.lang.String,java.lang.String)
  ↷ 그러면 "no-draft-physical-movements" assertion으로 "같은 대상의 독립 전후 원행을 비교한다. 조회/거부 감사의 추가는 별도 허용한다."를 확인한다                     # org.mulino.verification.ScenarioGlue.assertion(java.lang.String,java.lang.String)
  ↷ 그러면 "no-draft-physical-contributions" assertion으로 "같은 대상의 독립 전후 원행을 비교한다. 조회/거부 감사의 추가는 별도 허용한다."를 확인한다                 # org.mulino.verification.ScenarioGlue.assertion(java.lang.String,java.lang.String)
  ↷ 그러면 "no-draft-physical-outbox" assertion으로 "같은 대상의 독립 전후 원행을 비교한다. 조회/거부 감사의 추가는 별도 허용한다."를 확인한다                        # org.mulino.verification.ScenarioGlue.assertion(java.lang.String,java.lang.String)

@T09 @D09 @sit @uat
시나리오: 기간 내내100의 관측 throughout-gap                                                                                      # target/work-51-input/verification/cases/T09/scenario.feature:134
  ✔ 먼저 사례 파일 "verification/cases/T09/case.json"의 "throughout-gap"를 준비한다                                                # org.mulino.verification.ScenarioGlue.prepare(java.lang.String,java.lang.String)
  ✔ 만일 "시스템" 역할이 "setup" 행동을 수행한다                                                                                      # org.mulino.verification.ScenarioGlue.action(java.lang.String,java.lang.String)
  ✔ 만일 "A" 역할이 "work" 행동을 수행한다                                                                                         # org.mulino.verification.ScenarioGlue.action(java.lang.String,java.lang.String)
  ✔ 만일 "A" 역할이 "initial-observation" 행동을 수행한다                                                                          # org.mulino.verification.ScenarioGlue.action(java.lang.String,java.lang.String)
  ✔ 만일 "A" 역할이 "final-observation" 행동을 수행한다                                                                            # org.mulino.verification.ScenarioGlue.action(java.lang.String,java.lang.String)
  ✔ 만일 "A" 역할이 "assessment" 행동을 수행한다                                                                                   # org.mulino.verification.ScenarioGlue.action(java.lang.String,java.lang.String)
  ✔ 만일 "A" 역할이 "after-db-snapshot" 행동을 수행한다                                                                            # org.mulino.verification.ScenarioGlue.action(java.lang.String,java.lang.String)
  ✔ 만일 "시스템" 역할이 "after-db" 행동을 수행한다                                                                                   # org.mulino.verification.ScenarioGlue.action(java.lang.String,java.lang.String)
  ✘ 그러면 "assessment-api-result" assertion으로 "기간 내내100의 관측 throughout-gap. gap-result의 독립 고정 기대값을 대조한다."를 확인한다          # org.mulino.verification.ScenarioGlue.assertion(java.lang.String,java.lang.String)
        java.lang.AssertionError: source assessment is NOT_IMPLEMENTED: NOT_IMPLEMENTED: no real product adapters installed
                at org.mulino.verification.AssertionEngine.fail(AssertionEngine.java:138)
                at org.mulino.verification.AssertionEngine.require(AssertionEngine.java:137)
                at org.mulino.verification.AssertionEngine.requireExecuted(AssertionEngine.java:77)
                at org.mulino.verification.AssertionEngine.requireSourcesAvailable(AssertionEngine.java:68)
                at org.mulino.verification.CaseRunner.assertId(CaseRunner.java:151)
                at org.mulino.verification.ScenarioGlue.assertion(ScenarioGlue.java:26)
                at ✽."assessment-api-result" assertion으로 "기간 내내100의 관측 throughout-gap. gap-result의 독립 고정 기대값을 대조한다."를 확인한다(file:///Volumes/VideoStore/Developer/mulino-ontology-step2-wire-async/verification/harness/target/work-51-input/verification/cases/T09/scenario.feature:143)
  ↷ 그러면 "assessment-db-result" assertion으로 "기간 내내100의 관측 throughout-gap. gap-result의 독립 고정 기대값을 대조한다."를 확인한다           # org.mulino.verification.ScenarioGlue.assertion(java.lang.String,java.lang.String)
  ↷ 그러면 "fixed-interval" assertion으로 "기간 내내100의 관측 throughout-gap. interval-policy의 독립 고정 기대값을 대조한다."를 확인한다            # org.mulino.verification.ScenarioGlue.assertion(java.lang.String,java.lang.String)
  ↷ 그러면 "coverage-intervals" assertion으로 "기간 내내100의 관측 throughout-gap. interval-policy의 독립 고정 기대값을 대조한다."를 확인한다        # org.mulino.verification.ScenarioGlue.assertion(java.lang.String,java.lang.String)
  ↷ 그러면 "no-inferred-satisfied" assertion으로 "기간 내내100의 관측 throughout-gap. inferred-continuity의 독립 고정 기대값을 대조한다."를 확인한다 # org.mulino.verification.ScenarioGlue.assertion(java.lang.String,java.lang.String)

@T09 @D09 @sit @uat
시나리오: 기간 내내100의 관측 throughout-complete                                                                                                       # target/work-51-input/verification/cases/T09/scenario.feature:149
  ✔ 먼저 사례 파일 "verification/cases/T09/case.json"의 "throughout-complete"를 준비한다                                                                 # org.mulino.verification.ScenarioGlue.prepare(java.lang.String,java.lang.String)
  ✔ 만일 "시스템" 역할이 "setup" 행동을 수행한다                                                                                                            # org.mulino.verification.ScenarioGlue.action(java.lang.String,java.lang.String)
  ✔ 만일 "A" 역할이 "work" 행동을 수행한다                                                                                                               # org.mulino.verification.ScenarioGlue.action(java.lang.String,java.lang.String)
  ✔ 만일 "A" 역할이 "initial-observation" 행동을 수행한다                                                                                                # org.mulino.verification.ScenarioGlue.action(java.lang.String,java.lang.String)
  ✔ 만일 "A" 역할이 "final-observation" 행동을 수행한다                                                                                                  # org.mulino.verification.ScenarioGlue.action(java.lang.String,java.lang.String)
  ✔ 만일 "A" 역할이 "assessment" 행동을 수행한다                                                                                                         # org.mulino.verification.ScenarioGlue.action(java.lang.String,java.lang.String)
  ✔ 만일 "A" 역할이 "after-db-snapshot" 행동을 수행한다                                                                                                  # org.mulino.verification.ScenarioGlue.action(java.lang.String,java.lang.String)
  ✔ 만일 "시스템" 역할이 "after-db" 행동을 수행한다                                                                                                         # org.mulino.verification.ScenarioGlue.action(java.lang.String,java.lang.String)
  ✘ 그러면 "assessment-api-result" assertion으로 "기간 내내100의 관측 throughout-complete. throughout-result의 독립 고정 기대값을 대조한다."를 확인한다                    # org.mulino.verification.ScenarioGlue.assertion(java.lang.String,java.lang.String)
        java.lang.AssertionError: source assessment is NOT_IMPLEMENTED: NOT_IMPLEMENTED: no real product adapters installed
                at org.mulino.verification.AssertionEngine.fail(AssertionEngine.java:138)
                at org.mulino.verification.AssertionEngine.require(AssertionEngine.java:137)
                at org.mulino.verification.AssertionEngine.requireExecuted(AssertionEngine.java:77)
                at org.mulino.verification.AssertionEngine.requireSourcesAvailable(AssertionEngine.java:68)
                at org.mulino.verification.CaseRunner.assertId(CaseRunner.java:151)
                at org.mulino.verification.ScenarioGlue.assertion(ScenarioGlue.java:26)
                at ✽."assessment-api-result" assertion으로 "기간 내내100의 관측 throughout-complete. throughout-result의 독립 고정 기대값을 대조한다."를 확인한다(file:///Volumes/VideoStore/Developer/mulino-ontology-step2-wire-async/verification/harness/target/work-51-input/verification/cases/T09/scenario.feature:158)
  ↷ 그러면 "assessment-db-result" assertion으로 "기간 내내100의 관측 throughout-complete. throughout-result의 독립 고정 기대값을 대조한다."를 확인한다                     # org.mulino.verification.ScenarioGlue.assertion(java.lang.String,java.lang.String)
  ↷ 그러면 "fixed-interval" assertion으로 "기간 내내100의 관측 throughout-complete. sufficient-continuity-evidence의 독립 고정 기대값을 대조한다."를 확인한다              # org.mulino.verification.ScenarioGlue.assertion(java.lang.String,java.lang.String)
  ↷ 그러면 "coverage-intervals" assertion으로 "기간 내내100의 관측 throughout-complete. sufficient-continuity-evidence의 독립 고정 기대값을 대조한다."를 확인한다          # org.mulino.verification.ScenarioGlue.assertion(java.lang.String,java.lang.String)
  ↷ 그러면 "initial-held" assertion으로 "기간 내내100의 관측 throughout-complete. initial-held의 독립 고정 기대값을 대조한다."를 확인한다                                  # org.mulino.verification.ScenarioGlue.assertion(java.lang.String,java.lang.String)
  ↷ 그러면 "final-held" assertion으로 "기간 내내100의 관측 throughout-complete. final-held의 독립 고정 기대값을 대조한다."를 확인한다                                      # org.mulino.verification.ScenarioGlue.assertion(java.lang.String,java.lang.String)
  ↷ 그러면 "no-quantity-changing-events" assertion으로 "기간 내내100의 관측 throughout-complete. sufficient-continuity-evidence의 독립 고정 기대값을 대조한다."를 확인한다 # org.mulino.verification.ScenarioGlue.assertion(java.lang.String,java.lang.String)
  ↷ 그러면 "qualifying-condition" assertion으로 "기간 내내100의 관측 throughout-complete. sufficient-continuity-evidence의 독립 고정 기대값을 대조한다."를 확인한다        # org.mulino.verification.ScenarioGlue.assertion(java.lang.String,java.lang.String)

@T09 @D09 @sit @uat
시나리오: 구간 처음100·끝0의 같은 실물 경로에서 세 목표를 구별한다                                                                                                                  # target/work-51-input/verification/cases/T09/scenario.feature:167
  ✔ 먼저 사례 파일 "verification/cases/T09/case.json"의 "exists-versus-end-throughout"를 준비한다                                                                     # org.mulino.verification.ScenarioGlue.prepare(java.lang.String,java.lang.String)
  ✔ 만일 "시스템" 역할이 "setup" 행동을 수행한다                                                                                                                         # org.mulino.verification.ScenarioGlue.action(java.lang.String,java.lang.String)
  ✔ 만일 "A" 역할이 "exists" 행동을 수행한다                                                                                                                          # org.mulino.verification.ScenarioGlue.action(java.lang.String,java.lang.String)
  ✔ 만일 "A" 역할이 "state" 행동을 수행한다                                                                                                                           # org.mulino.verification.ScenarioGlue.action(java.lang.String,java.lang.String)
  ✔ 만일 "A" 역할이 "throughout" 행동을 수행한다                                                                                                                      # org.mulino.verification.ScenarioGlue.action(java.lang.String,java.lang.String)
  ✔ 만일 "A" 역할이 "initial" 행동을 수행한다                                                                                                                         # org.mulino.verification.ScenarioGlue.action(java.lang.String,java.lang.String)
  ✔ 만일 "시스템" 역할이 "initial-db" 행동을 수행한다                                                                                                                    # org.mulino.verification.ScenarioGlue.action(java.lang.String,java.lang.String)
  ✔ 만일 "A" 역할이 "sale" 행동을 수행한다                                                                                                                            # org.mulino.verification.ScenarioGlue.action(java.lang.String,java.lang.String)
  ✔ 만일 "warehouse" 역할이 "reserve" 행동을 수행한다                                                                                                                 # org.mulino.verification.ScenarioGlue.action(java.lang.String,java.lang.String)
  ✔ 만일 "warehouse" 역할이 "pick" 행동을 수행한다                                                                                                                    # org.mulino.verification.ScenarioGlue.action(java.lang.String,java.lang.String)
  ✔ 만일 "warehouse" 역할이 "dispatch" 행동을 수행한다                                                                                                                # org.mulino.verification.ScenarioGlue.action(java.lang.String,java.lang.String)
  ✔ 만일 "A" 역할이 "exists-assessment" 행동을 수행한다                                                                                                               # org.mulino.verification.ScenarioGlue.action(java.lang.String,java.lang.String)
  ✔ 만일 "A" 역할이 "state-assessment" 행동을 수행한다                                                                                                                # org.mulino.verification.ScenarioGlue.action(java.lang.String,java.lang.String)
  ✔ 만일 "A" 역할이 "throughout-assessment" 행동을 수행한다                                                                                                           # org.mulino.verification.ScenarioGlue.action(java.lang.String,java.lang.String)
  ✔ 만일 "A" 역할이 "final" 행동을 수행한다                                                                                                                           # org.mulino.verification.ScenarioGlue.action(java.lang.String,java.lang.String)
  ✔ 만일 "시스템" 역할이 "after-db" 행동을 수행한다                                                                                                                      # org.mulino.verification.ScenarioGlue.action(java.lang.String,java.lang.String)
  ✘ 그러면 "initial-raw100" assertion으로 "구간 처음100·끝0의 같은 실물 경로에서 세 목표를 구별한다. initial-held의 독립 고정 기대값을 대조한다."를 확인한다                                           # org.mulino.verification.ScenarioGlue.assertion(java.lang.String,java.lang.String)
        java.lang.AssertionError: source initial-db is NOT_IMPLEMENTED: NOT_IMPLEMENTED: no real product adapters installed
                at org.mulino.verification.AssertionEngine.fail(AssertionEngine.java:138)
                at org.mulino.verification.AssertionEngine.require(AssertionEngine.java:137)
                at org.mulino.verification.AssertionEngine.requireExecuted(AssertionEngine.java:77)
                at org.mulino.verification.AssertionEngine.requireSourcesAvailable(AssertionEngine.java:68)
                at org.mulino.verification.CaseRunner.assertId(CaseRunner.java:151)
                at org.mulino.verification.ScenarioGlue.assertion(ScenarioGlue.java:26)
                at ✽."initial-raw100" assertion으로 "구간 처음100·끝0의 같은 실물 경로에서 세 목표를 구별한다. initial-held의 독립 고정 기대값을 대조한다."를 확인한다(file:///Volumes/VideoStore/Developer/mulino-ontology-step2-wire-async/verification/harness/target/work-51-input/verification/cases/T09/scenario.feature:184)
  ↷ 그러면 "final-held0" assertion으로 "구간 처음100·끝0의 같은 실물 경로에서 세 목표를 구별한다. final-held의 독립 고정 기대값을 대조한다."를 확인한다                                                # org.mulino.verification.ScenarioGlue.assertion(java.lang.String,java.lang.String)
  ↷ 그러면 "final-no-leaf" assertion으로 "구간 처음100·끝0의 같은 실물 경로에서 세 목표를 구별한다. same-trajectory-three-goals의 독립 고정 기대값을 대조한다."를 확인한다                             # org.mulino.verification.ScenarioGlue.assertion(java.lang.String,java.lang.String)
  ↷ 그러면 "exists-assessment-api-result" assertion으로 "구간 처음100·끝0의 같은 실물 경로에서 세 목표를 구별한다. exists-in-result의 독립 고정 기대값을 대조한다."를 확인한다                         # org.mulino.verification.ScenarioGlue.assertion(java.lang.String,java.lang.String)
  ↷ 그러면 "exists-assessment-db-result" assertion으로 "구간 처음100·끝0의 같은 실물 경로에서 세 목표를 구별한다. exists-in-result의 독립 고정 기대값을 대조한다."를 확인한다                          # org.mulino.verification.ScenarioGlue.assertion(java.lang.String,java.lang.String)
  ↷ 그러면 "state-assessment-api-result" assertion으로 "구간 처음100·끝0의 같은 실물 경로에서 세 목표를 구별한다. end-state-at-result의 독립 고정 기대값을 대조한다."를 확인한다                       # org.mulino.verification.ScenarioGlue.assertion(java.lang.String,java.lang.String)
  ↷ 그러면 "state-assessment-db-result" assertion으로 "구간 처음100·끝0의 같은 실물 경로에서 세 목표를 구별한다. end-state-at-result의 독립 고정 기대값을 대조한다."를 확인한다                        # org.mulino.verification.ScenarioGlue.assertion(java.lang.String,java.lang.String)
  ↷ 그러면 "throughout-assessment-api-result" assertion으로 "구간 처음100·끝0의 같은 실물 경로에서 세 목표를 구별한다. throughout-result의 독립 고정 기대값을 대조한다."를 확인한다                    # org.mulino.verification.ScenarioGlue.assertion(java.lang.String,java.lang.String)
  ↷ 그러면 "throughout-assessment-db-result" assertion으로 "구간 처음100·끝0의 같은 실물 경로에서 세 목표를 구별한다. throughout-result의 독립 고정 기대값을 대조한다."를 확인한다                     # org.mulino.verification.ScenarioGlue.assertion(java.lang.String,java.lang.String)
  ↷ 그러면 "exists-same-goal-fields" assertion으로 "구간 처음100·끝0의 같은 실물 경로에서 세 목표를 구별한다. same-trajectory-three-goals의 독립 고정 기대값을 대조한다."를 확인한다                   # org.mulino.verification.ScenarioGlue.assertion(java.lang.String,java.lang.String)
  ↷ 그러면 "exists-same-input-scope" assertion으로 "구간 처음100·끝0의 같은 실물 경로에서 세 목표를 구별한다. same-trajectory-three-goals의 독립 고정 기대값을 대조한다."를 확인한다                   # org.mulino.verification.ScenarioGlue.assertion(java.lang.String,java.lang.String)
  ↷ 그러면 "state-same-goal-fields" assertion으로 "구간 처음100·끝0의 같은 실물 경로에서 세 목표를 구별한다. same-trajectory-three-goals의 독립 고정 기대값을 대조한다."를 확인한다                    # org.mulino.verification.ScenarioGlue.assertion(java.lang.String,java.lang.String)
  ↷ 그러면 "state-same-input-scope" assertion으로 "구간 처음100·끝0의 같은 실물 경로에서 세 목표를 구별한다. same-trajectory-three-goals의 독립 고정 기대값을 대조한다."를 확인한다                    # org.mulino.verification.ScenarioGlue.assertion(java.lang.String,java.lang.String)
  ↷ 그러면 "throughout-same-goal-fields" assertion으로 "구간 처음100·끝0의 같은 실물 경로에서 세 목표를 구별한다. same-trajectory-three-goals의 독립 고정 기대값을 대조한다."를 확인한다               # org.mulino.verification.ScenarioGlue.assertion(java.lang.String,java.lang.String)
  ↷ 그러면 "throughout-same-input-scope" assertion으로 "구간 처음100·끝0의 같은 실물 경로에서 세 목표를 구별한다. same-trajectory-three-goals의 독립 고정 기대값을 대조한다."를 확인한다               # org.mulino.verification.ScenarioGlue.assertion(java.lang.String,java.lang.String)
  ↷ 그러면 "state-same-assessment-input-snapshot" assertion으로 "구간 처음100·끝0의 같은 실물 경로에서 세 목표를 구별한다. same-trajectory-three-goals의 독립 고정 기대값을 대조한다."를 확인한다      # org.mulino.verification.ScenarioGlue.assertion(java.lang.String,java.lang.String)
  ↷ 그러면 "throughout-same-assessment-input-snapshot" assertion으로 "구간 처음100·끝0의 같은 실물 경로에서 세 목표를 구별한다. same-trajectory-three-goals의 독립 고정 기대값을 대조한다."를 확인한다 # org.mulino.verification.ScenarioGlue.assertion(java.lang.String,java.lang.String)

@T10 @D10 @sit @uat
시나리오: 인계 PROPOSED 동안 인간 주 책임을 보존한다                                                                                            # target/work-51-input/verification/cases/T10/scenario.feature:5
  ✔ 먼저 사례 파일 "verification/cases/T10/case.json"의 "handover-proposed"를 준비한다                                                    # org.mulino.verification.ScenarioGlue.prepare(java.lang.String,java.lang.String)
  ✔ 만일 "시스템" 역할이 "setup" 행동을 수행한다                                                                                             # org.mulino.verification.ScenarioGlue.action(java.lang.String,java.lang.String)
  ✔ 만일 "A" 역할이 "before-db-snapshot" 행동을 수행한다                                                                                  # org.mulino.verification.ScenarioGlue.action(java.lang.String,java.lang.String)
  ✔ 만일 "시스템" 역할이 "before-db" 행동을 수행한다                                                                                         # org.mulino.verification.ScenarioGlue.action(java.lang.String,java.lang.String)
  ✔ 만일 "A" 역할이 "propose" 행동을 수행한다                                                                                             # org.mulino.verification.ScenarioGlue.action(java.lang.String,java.lang.String)
  ✔ 만일 "시스템" 역할이 "notification" 행동을 수행한다                                                                                      # org.mulino.verification.ScenarioGlue.action(java.lang.String,java.lang.String)
  ✔ 만일 "A" 역할이 "after-notification" 행동을 수행한다                                                                                  # org.mulino.verification.ScenarioGlue.action(java.lang.String,java.lang.String)
  ✔ 만일 "시스템" 역할이 "after-notification-db" 행동을 수행한다                                                                             # org.mulino.verification.ScenarioGlue.action(java.lang.String,java.lang.String)
  ✔ 만일 "A" 역할이 "current-work" 행동을 수행한다                                                                                        # org.mulino.verification.ScenarioGlue.action(java.lang.String,java.lang.String)
  ✔ 만일 "시스템" 역할이 "after-db" 행동을 수행한다                                                                                          # org.mulino.verification.ScenarioGlue.action(java.lang.String,java.lang.String)
  ✘ 그러면 "notification-keeps-A" assertion으로 "인계 PROPOSED 동안 인간 주 책임을 보존한다. notification-as-acceptance의 독립 고정 기대값을 대조한다."를 확인한다 # org.mulino.verification.ScenarioGlue.assertion(java.lang.String,java.lang.String)
        java.lang.AssertionError: source after-notification-db is NOT_IMPLEMENTED: NOT_IMPLEMENTED: no real product adapters installed
                at org.mulino.verification.AssertionEngine.fail(AssertionEngine.java:138)
                at org.mulino.verification.AssertionEngine.require(AssertionEngine.java:137)
                at org.mulino.verification.AssertionEngine.requireExecuted(AssertionEngine.java:77)
                at org.mulino.verification.AssertionEngine.requireSourcesAvailable(AssertionEngine.java:68)
                at org.mulino.verification.CaseRunner.assertId(CaseRunner.java:151)
                at org.mulino.verification.ScenarioGlue.assertion(ScenarioGlue.java:26)
                at ✽."notification-keeps-A" assertion으로 "인계 PROPOSED 동안 인간 주 책임을 보존한다. notification-as-acceptance의 독립 고정 기대값을 대조한다."를 확인한다(file:///Volumes/VideoStore/Developer/mulino-ontology-step2-wire-async/verification/harness/target/work-51-input/verification/cases/T10/scenario.feature:16)
  ↷ 그러면 "proposed-keeps-A" assertion으로 "인계 PROPOSED 동안 인간 주 책임을 보존한다. owner-by-state의 독립 고정 기대값을 대조한다."를 확인한다                 # org.mulino.verification.ScenarioGlue.assertion(java.lang.String,java.lang.String)
  ↷ 그러면 "api-owner" assertion으로 "인계 PROPOSED 동안 인간 주 책임을 보존한다. owner-by-state의 독립 고정 기대값을 대조한다."를 확인한다                        # org.mulino.verification.ScenarioGlue.assertion(java.lang.String,java.lang.String)
  ↷ 그러면 "db-owner" assertion으로 "인계 PROPOSED 동안 인간 주 책임을 보존한다. owner-by-state의 독립 고정 기대값을 대조한다."를 확인한다                         # org.mulino.verification.ScenarioGlue.assertion(java.lang.String,java.lang.String)
  ↷ 그러면 "handover-state" assertion으로 "인계 PROPOSED 동안 인간 주 책임을 보존한다. owner-by-state의 독립 고정 기대값을 대조한다."를 확인한다                   # org.mulino.verification.ScenarioGlue.assertion(java.lang.String,java.lang.String)
  ↷ 그러면 "one-human-owner" assertion으로 "인계 PROPOSED 동안 인간 주 책임을 보존한다. active-human-owner의 독립 고정 기대값을 대조한다."를 확인한다              # org.mulino.verification.ScenarioGlue.assertion(java.lang.String,java.lang.String)
  ↷ 그러면 "separate-roles" assertion으로 "인계 PROPOSED 동안 인간 주 책임을 보존한다. active-human-owner의 독립 고정 기대값을 대조한다."를 확인한다               # org.mulino.verification.ScenarioGlue.assertion(java.lang.String,java.lang.String)

@T10 @D10 @sit @uat
시나리오: 인계 REJECTED 동안 인간 주 책임을 보존한다                                                                                            # target/work-51-input/verification/cases/T10/scenario.feature:24
  ✔ 먼저 사례 파일 "verification/cases/T10/case.json"의 "handover-rejected"를 준비한다                                                    # org.mulino.verification.ScenarioGlue.prepare(java.lang.String,java.lang.String)
  ✔ 만일 "시스템" 역할이 "setup" 행동을 수행한다                                                                                             # org.mulino.verification.ScenarioGlue.action(java.lang.String,java.lang.String)
  ✔ 만일 "A" 역할이 "before-db-snapshot" 행동을 수행한다                                                                                  # org.mulino.verification.ScenarioGlue.action(java.lang.String,java.lang.String)
  ✔ 만일 "시스템" 역할이 "before-db" 행동을 수행한다                                                                                         # org.mulino.verification.ScenarioGlue.action(java.lang.String,java.lang.String)
  ✔ 만일 "A" 역할이 "propose" 행동을 수행한다                                                                                             # org.mulino.verification.ScenarioGlue.action(java.lang.String,java.lang.String)
  ✔ 만일 "시스템" 역할이 "notification" 행동을 수행한다                                                                                      # org.mulino.verification.ScenarioGlue.action(java.lang.String,java.lang.String)
  ✔ 만일 "A" 역할이 "after-notification" 행동을 수행한다                                                                                  # org.mulino.verification.ScenarioGlue.action(java.lang.String,java.lang.String)
  ✔ 만일 "시스템" 역할이 "after-notification-db" 행동을 수행한다                                                                             # org.mulino.verification.ScenarioGlue.action(java.lang.String,java.lang.String)
  ✔ 만일 "B" 역할이 "decision" 행동을 수행한다                                                                                            # org.mulino.verification.ScenarioGlue.action(java.lang.String,java.lang.String)
  ✔ 만일 "A" 역할이 "current-work" 행동을 수행한다                                                                                        # org.mulino.verification.ScenarioGlue.action(java.lang.String,java.lang.String)
  ✔ 만일 "시스템" 역할이 "after-db" 행동을 수행한다                                                                                          # org.mulino.verification.ScenarioGlue.action(java.lang.String,java.lang.String)
  ✘ 그러면 "notification-keeps-A" assertion으로 "인계 REJECTED 동안 인간 주 책임을 보존한다. notification-as-acceptance의 독립 고정 기대값을 대조한다."를 확인한다 # org.mulino.verification.ScenarioGlue.assertion(java.lang.String,java.lang.String)
        java.lang.AssertionError: source after-notification-db is NOT_IMPLEMENTED: NOT_IMPLEMENTED: no real product adapters installed
                at org.mulino.verification.AssertionEngine.fail(AssertionEngine.java:138)
                at org.mulino.verification.AssertionEngine.require(AssertionEngine.java:137)
                at org.mulino.verification.AssertionEngine.requireExecuted(AssertionEngine.java:77)
                at org.mulino.verification.AssertionEngine.requireSourcesAvailable(AssertionEngine.java:68)
                at org.mulino.verification.CaseRunner.assertId(CaseRunner.java:151)
                at org.mulino.verification.ScenarioGlue.assertion(ScenarioGlue.java:26)
                at ✽."notification-keeps-A" assertion으로 "인계 REJECTED 동안 인간 주 책임을 보존한다. notification-as-acceptance의 독립 고정 기대값을 대조한다."를 확인한다(file:///Volumes/VideoStore/Developer/mulino-ontology-step2-wire-async/verification/harness/target/work-51-input/verification/cases/T10/scenario.feature:36)
  ↷ 그러면 "proposed-keeps-A" assertion으로 "인계 REJECTED 동안 인간 주 책임을 보존한다. owner-by-state의 독립 고정 기대값을 대조한다."를 확인한다                 # org.mulino.verification.ScenarioGlue.assertion(java.lang.String,java.lang.String)
  ↷ 그러면 "api-owner" assertion으로 "인계 REJECTED 동안 인간 주 책임을 보존한다. owner-by-state의 독립 고정 기대값을 대조한다."를 확인한다                        # org.mulino.verification.ScenarioGlue.assertion(java.lang.String,java.lang.String)
  ↷ 그러면 "db-owner" assertion으로 "인계 REJECTED 동안 인간 주 책임을 보존한다. owner-by-state의 독립 고정 기대값을 대조한다."를 확인한다                         # org.mulino.verification.ScenarioGlue.assertion(java.lang.String,java.lang.String)
  ↷ 그러면 "handover-state" assertion으로 "인계 REJECTED 동안 인간 주 책임을 보존한다. owner-by-state의 독립 고정 기대값을 대조한다."를 확인한다                   # org.mulino.verification.ScenarioGlue.assertion(java.lang.String,java.lang.String)
  ↷ 그러면 "one-human-owner" assertion으로 "인계 REJECTED 동안 인간 주 책임을 보존한다. active-human-owner의 독립 고정 기대값을 대조한다."를 확인한다              # org.mulino.verification.ScenarioGlue.assertion(java.lang.String,java.lang.String)
  ↷ 그러면 "separate-roles" assertion으로 "인계 REJECTED 동안 인간 주 책임을 보존한다. active-human-owner의 독립 고정 기대값을 대조한다."를 확인한다               # org.mulino.verification.ScenarioGlue.assertion(java.lang.String,java.lang.String)

@T10 @D10 @sit @uat
시나리오: 인계 EXPIRED 동안 인간 주 책임을 보존한다                                                                                            # target/work-51-input/verification/cases/T10/scenario.feature:44
  ✔ 먼저 사례 파일 "verification/cases/T10/case.json"의 "handover-expired"를 준비한다                                                    # org.mulino.verification.ScenarioGlue.prepare(java.lang.String,java.lang.String)
  ✔ 만일 "시스템" 역할이 "setup" 행동을 수행한다                                                                                            # org.mulino.verification.ScenarioGlue.action(java.lang.String,java.lang.String)
  ✔ 만일 "A" 역할이 "before-db-snapshot" 행동을 수행한다                                                                                 # org.mulino.verification.ScenarioGlue.action(java.lang.String,java.lang.String)
  ✔ 만일 "시스템" 역할이 "before-db" 행동을 수행한다                                                                                        # org.mulino.verification.ScenarioGlue.action(java.lang.String,java.lang.String)
  ✔ 만일 "A" 역할이 "propose" 행동을 수행한다                                                                                            # org.mulino.verification.ScenarioGlue.action(java.lang.String,java.lang.String)
  ✔ 만일 "시스템" 역할이 "notification" 행동을 수행한다                                                                                     # org.mulino.verification.ScenarioGlue.action(java.lang.String,java.lang.String)
  ✔ 만일 "A" 역할이 "after-notification" 행동을 수행한다                                                                                 # org.mulino.verification.ScenarioGlue.action(java.lang.String,java.lang.String)
  ✔ 만일 "시스템" 역할이 "after-notification-db" 행동을 수행한다                                                                            # org.mulino.verification.ScenarioGlue.action(java.lang.String,java.lang.String)
  ✔ 만일 "시스템" 역할이 "advance-clock" 행동을 수행한다                                                                                    # org.mulino.verification.ScenarioGlue.action(java.lang.String,java.lang.String)
  ✔ 만일 "시스템" 역할이 "expire-handover-advance" 행동을 수행한다                                                                          # org.mulino.verification.ScenarioGlue.action(java.lang.String,java.lang.String)
  ✔ 만일 "시스템" 역할이 "expire-handover" 행동을 수행한다                                                                                  # org.mulino.verification.ScenarioGlue.action(java.lang.String,java.lang.String)
  ✔ 만일 "시스템" 역할이 "expire-handover-terminal" 행동을 수행한다                                                                         # org.mulino.verification.ScenarioGlue.action(java.lang.String,java.lang.String)
  ✔ 만일 "A" 역할이 "current-work" 행동을 수행한다                                                                                       # org.mulino.verification.ScenarioGlue.action(java.lang.String,java.lang.String)
  ✔ 만일 "시스템" 역할이 "after-db" 행동을 수행한다                                                                                         # org.mulino.verification.ScenarioGlue.action(java.lang.String,java.lang.String)
  ✘ 그러면 "notification-keeps-A" assertion으로 "인계 EXPIRED 동안 인간 주 책임을 보존한다. notification-as-acceptance의 독립 고정 기대값을 대조한다."를 확인한다 # org.mulino.verification.ScenarioGlue.assertion(java.lang.String,java.lang.String)
        java.lang.AssertionError: source after-notification-db is NOT_IMPLEMENTED: NOT_IMPLEMENTED: no real product adapters installed
                at org.mulino.verification.AssertionEngine.fail(AssertionEngine.java:138)
                at org.mulino.verification.AssertionEngine.require(AssertionEngine.java:137)
                at org.mulino.verification.AssertionEngine.requireExecuted(AssertionEngine.java:77)
                at org.mulino.verification.AssertionEngine.requireSourcesAvailable(AssertionEngine.java:68)
                at org.mulino.verification.CaseRunner.assertId(CaseRunner.java:151)
                at org.mulino.verification.ScenarioGlue.assertion(ScenarioGlue.java:26)
                at ✽."notification-keeps-A" assertion으로 "인계 EXPIRED 동안 인간 주 책임을 보존한다. notification-as-acceptance의 독립 고정 기대값을 대조한다."를 확인한다(file:///Volumes/VideoStore/Developer/mulino-ontology-step2-wire-async/verification/harness/target/work-51-input/verification/cases/T10/scenario.feature:59)
  ↷ 그러면 "proposed-keeps-A" assertion으로 "인계 EXPIRED 동안 인간 주 책임을 보존한다. owner-by-state의 독립 고정 기대값을 대조한다."를 확인한다                 # org.mulino.verification.ScenarioGlue.assertion(java.lang.String,java.lang.String)
  ↷ 그러면 "api-owner" assertion으로 "인계 EXPIRED 동안 인간 주 책임을 보존한다. owner-by-state의 독립 고정 기대값을 대조한다."를 확인한다                        # org.mulino.verification.ScenarioGlue.assertion(java.lang.String,java.lang.String)
  ↷ 그러면 "db-owner" assertion으로 "인계 EXPIRED 동안 인간 주 책임을 보존한다. owner-by-state의 독립 고정 기대값을 대조한다."를 확인한다                         # org.mulino.verification.ScenarioGlue.assertion(java.lang.String,java.lang.String)
  ↷ 그러면 "handover-state" assertion으로 "인계 EXPIRED 동안 인간 주 책임을 보존한다. owner-by-state의 독립 고정 기대값을 대조한다."를 확인한다                   # org.mulino.verification.ScenarioGlue.assertion(java.lang.String,java.lang.String)
  ↷ 그러면 "one-human-owner" assertion으로 "인계 EXPIRED 동안 인간 주 책임을 보존한다. active-human-owner의 독립 고정 기대값을 대조한다."를 확인한다              # org.mulino.verification.ScenarioGlue.assertion(java.lang.String,java.lang.String)
  ↷ 그러면 "separate-roles" assertion으로 "인계 EXPIRED 동안 인간 주 책임을 보존한다. active-human-owner의 독립 고정 기대값을 대조한다."를 확인한다               # org.mulino.verification.ScenarioGlue.assertion(java.lang.String,java.lang.String)

@T10 @D10 @sit @uat
시나리오: 인계 ACCEPTED 동안 인간 주 책임을 보존한다                                                                                             # target/work-51-input/verification/cases/T10/scenario.feature:67
  ✔ 먼저 사례 파일 "verification/cases/T10/case.json"의 "handover-accepted"를 준비한다                                                     # org.mulino.verification.ScenarioGlue.prepare(java.lang.String,java.lang.String)
  ✔ 만일 "시스템" 역할이 "setup" 행동을 수행한다                                                                                              # org.mulino.verification.ScenarioGlue.action(java.lang.String,java.lang.String)
  ✔ 만일 "A" 역할이 "before-db-snapshot" 행동을 수행한다                                                                                   # org.mulino.verification.ScenarioGlue.action(java.lang.String,java.lang.String)
  ✔ 만일 "시스템" 역할이 "before-db" 행동을 수행한다                                                                                          # org.mulino.verification.ScenarioGlue.action(java.lang.String,java.lang.String)
  ✔ 만일 "A" 역할이 "propose" 행동을 수행한다                                                                                              # org.mulino.verification.ScenarioGlue.action(java.lang.String,java.lang.String)
  ✔ 만일 "시스템" 역할이 "notification" 행동을 수행한다                                                                                       # org.mulino.verification.ScenarioGlue.action(java.lang.String,java.lang.String)
  ✔ 만일 "A" 역할이 "after-notification" 행동을 수행한다                                                                                   # org.mulino.verification.ScenarioGlue.action(java.lang.String,java.lang.String)
  ✔ 만일 "시스템" 역할이 "after-notification-db" 행동을 수행한다                                                                              # org.mulino.verification.ScenarioGlue.action(java.lang.String,java.lang.String)
  ✔ 만일 "B" 역할이 "decision" 행동을 수행한다                                                                                             # org.mulino.verification.ScenarioGlue.action(java.lang.String,java.lang.String)
  ✔ 만일 "A" 역할이 "current-work" 행동을 수행한다                                                                                         # org.mulino.verification.ScenarioGlue.action(java.lang.String,java.lang.String)
  ✔ 만일 "시스템" 역할이 "after-db" 행동을 수행한다                                                                                           # org.mulino.verification.ScenarioGlue.action(java.lang.String,java.lang.String)
  ✘ 그러면 "notification-keeps-A" assertion으로 "인계 ACCEPTED 동안 인간 주 책임을 보존한다. notification-as-acceptance의 독립 고정 기대값을 대조한다."를 확인한다  # org.mulino.verification.ScenarioGlue.assertion(java.lang.String,java.lang.String)
        java.lang.AssertionError: source after-notification-db is NOT_IMPLEMENTED: NOT_IMPLEMENTED: no real product adapters installed
                at org.mulino.verification.AssertionEngine.fail(AssertionEngine.java:138)
                at org.mulino.verification.AssertionEngine.require(AssertionEngine.java:137)
                at org.mulino.verification.AssertionEngine.requireExecuted(AssertionEngine.java:77)
                at org.mulino.verification.AssertionEngine.requireSourcesAvailable(AssertionEngine.java:68)
                at org.mulino.verification.CaseRunner.assertId(CaseRunner.java:151)
                at org.mulino.verification.ScenarioGlue.assertion(ScenarioGlue.java:26)
                at ✽."notification-keeps-A" assertion으로 "인계 ACCEPTED 동안 인간 주 책임을 보존한다. notification-as-acceptance의 독립 고정 기대값을 대조한다."를 확인한다(file:///Volumes/VideoStore/Developer/mulino-ontology-step2-wire-async/verification/harness/target/work-51-input/verification/cases/T10/scenario.feature:79)
  ↷ 그러면 "proposed-keeps-A" assertion으로 "인계 ACCEPTED 동안 인간 주 책임을 보존한다. owner-by-state의 독립 고정 기대값을 대조한다."를 확인한다                  # org.mulino.verification.ScenarioGlue.assertion(java.lang.String,java.lang.String)
  ↷ 그러면 "api-owner" assertion으로 "인계 ACCEPTED 동안 인간 주 책임을 보존한다. owner-by-state의 독립 고정 기대값을 대조한다."를 확인한다                         # org.mulino.verification.ScenarioGlue.assertion(java.lang.String,java.lang.String)
  ↷ 그러면 "db-owner" assertion으로 "인계 ACCEPTED 동안 인간 주 책임을 보존한다. owner-by-state의 독립 고정 기대값을 대조한다."를 확인한다                          # org.mulino.verification.ScenarioGlue.assertion(java.lang.String,java.lang.String)
  ↷ 그러면 "handover-state" assertion으로 "인계 ACCEPTED 동안 인간 주 책임을 보존한다. owner-by-state의 독립 고정 기대값을 대조한다."를 확인한다                    # org.mulino.verification.ScenarioGlue.assertion(java.lang.String,java.lang.String)
  ↷ 그러면 "one-human-owner" assertion으로 "인계 ACCEPTED 동안 인간 주 책임을 보존한다. active-human-owner의 독립 고정 기대값을 대조한다."를 확인한다               # org.mulino.verification.ScenarioGlue.assertion(java.lang.String,java.lang.String)
  ↷ 그러면 "separate-roles" assertion으로 "인계 ACCEPTED 동안 인간 주 책임을 보존한다. active-human-owner의 독립 고정 기대값을 대조한다."를 확인한다                # org.mulino.verification.ScenarioGlue.assertion(java.lang.String,java.lang.String)
  ↷ 그러면 "acceptance-owner-same-transaction" assertion으로 "인계 ACCEPTED 동안 인간 주 책임을 보존한다. owner-by-state의 독립 고정 기대값을 대조한다."를 확인한다 # org.mulino.verification.ScenarioGlue.assertion(java.lang.String,java.lang.String)

@T10 @D10 @sit @uat
시나리오: 인계 ABSENT 동안 인간 주 책임을 보존한다                                                                                            # target/work-51-input/verification/cases/T10/scenario.feature:88
  ✔ 먼저 사례 파일 "verification/cases/T10/case.json"의 "handover-absent"를 준비한다                                                    # org.mulino.verification.ScenarioGlue.prepare(java.lang.String,java.lang.String)
  ✔ 만일 "시스템" 역할이 "setup" 행동을 수행한다                                                                                           # org.mulino.verification.ScenarioGlue.action(java.lang.String,java.lang.String)
  ✔ 만일 "A" 역할이 "before-db-snapshot" 행동을 수행한다                                                                                # org.mulino.verification.ScenarioGlue.action(java.lang.String,java.lang.String)
  ✔ 만일 "시스템" 역할이 "before-db" 행동을 수행한다                                                                                       # org.mulino.verification.ScenarioGlue.action(java.lang.String,java.lang.String)
  ✔ 만일 "A" 역할이 "propose" 행동을 수행한다                                                                                           # org.mulino.verification.ScenarioGlue.action(java.lang.String,java.lang.String)
  ✔ 만일 "시스템" 역할이 "notification" 행동을 수행한다                                                                                    # org.mulino.verification.ScenarioGlue.action(java.lang.String,java.lang.String)
  ✔ 만일 "A" 역할이 "after-notification" 행동을 수행한다                                                                                # org.mulino.verification.ScenarioGlue.action(java.lang.String,java.lang.String)
  ✔ 만일 "시스템" 역할이 "after-notification-db" 행동을 수행한다                                                                           # org.mulino.verification.ScenarioGlue.action(java.lang.String,java.lang.String)
  ✔ 만일 "A" 역할이 "supervision" 행동을 수행한다                                                                                       # org.mulino.verification.ScenarioGlue.action(java.lang.String,java.lang.String)
  ✔ 만일 "A" 역할이 "current-work" 행동을 수행한다                                                                                      # org.mulino.verification.ScenarioGlue.action(java.lang.String,java.lang.String)
  ✔ 만일 "시스템" 역할이 "after-db" 행동을 수행한다                                                                                        # org.mulino.verification.ScenarioGlue.action(java.lang.String,java.lang.String)
  ✘ 그러면 "notification-keeps-A" assertion으로 "인계 ABSENT 동안 인간 주 책임을 보존한다. notification-as-acceptance의 독립 고정 기대값을 대조한다."를 확인한다 # org.mulino.verification.ScenarioGlue.assertion(java.lang.String,java.lang.String)
        java.lang.AssertionError: source after-notification-db is NOT_IMPLEMENTED: NOT_IMPLEMENTED: no real product adapters installed
                at org.mulino.verification.AssertionEngine.fail(AssertionEngine.java:138)
                at org.mulino.verification.AssertionEngine.require(AssertionEngine.java:137)
                at org.mulino.verification.AssertionEngine.requireExecuted(AssertionEngine.java:77)
                at org.mulino.verification.AssertionEngine.requireSourcesAvailable(AssertionEngine.java:68)
                at org.mulino.verification.CaseRunner.assertId(CaseRunner.java:151)
                at org.mulino.verification.ScenarioGlue.assertion(ScenarioGlue.java:26)
                at ✽."notification-keeps-A" assertion으로 "인계 ABSENT 동안 인간 주 책임을 보존한다. notification-as-acceptance의 독립 고정 기대값을 대조한다."를 확인한다(file:///Volumes/VideoStore/Developer/mulino-ontology-step2-wire-async/verification/harness/target/work-51-input/verification/cases/T10/scenario.feature:100)
  ↷ 그러면 "proposed-keeps-A" assertion으로 "인계 ABSENT 동안 인간 주 책임을 보존한다. owner-by-state의 독립 고정 기대값을 대조한다."를 확인한다                 # org.mulino.verification.ScenarioGlue.assertion(java.lang.String,java.lang.String)
  ↷ 그러면 "api-owner" assertion으로 "인계 ABSENT 동안 인간 주 책임을 보존한다. owner-by-state의 독립 고정 기대값을 대조한다."를 확인한다                        # org.mulino.verification.ScenarioGlue.assertion(java.lang.String,java.lang.String)
  ↷ 그러면 "db-owner" assertion으로 "인계 ABSENT 동안 인간 주 책임을 보존한다. owner-by-state의 독립 고정 기대값을 대조한다."를 확인한다                         # org.mulino.verification.ScenarioGlue.assertion(java.lang.String,java.lang.String)
  ↷ 그러면 "handover-state" assertion으로 "인계 ABSENT 동안 인간 주 책임을 보존한다. owner-by-state의 독립 고정 기대값을 대조한다."를 확인한다                   # org.mulino.verification.ScenarioGlue.assertion(java.lang.String,java.lang.String)
  ↷ 그러면 "one-human-owner" assertion으로 "인계 ABSENT 동안 인간 주 책임을 보존한다. active-human-owner의 독립 고정 기대값을 대조한다."를 확인한다              # org.mulino.verification.ScenarioGlue.assertion(java.lang.String,java.lang.String)
  ↷ 그러면 "separate-roles" assertion으로 "인계 ABSENT 동안 인간 주 책임을 보존한다. active-human-owner의 독립 고정 기대값을 대조한다."를 확인한다               # org.mulino.verification.ScenarioGlue.assertion(java.lang.String,java.lang.String)
  ↷ 그러면 "supervisor-gap" assertion으로 "인계 ABSENT 동안 인간 주 책임을 보존한다. active-human-owner의 독립 고정 기대값을 대조한다."를 확인한다               # org.mulino.verification.ScenarioGlue.assertion(java.lang.String,java.lang.String)

@T10 @D10 @sit @uat
시나리오: 의무 이전의 책임 원자성 link-failure                                                                                                    # target/work-51-input/verification/cases/T10/scenario.feature:109
  ✔ 먼저 사례 파일 "verification/cases/T10/case.json"의 "link-failure"를 준비한다                                                               # org.mulino.verification.ScenarioGlue.prepare(java.lang.String,java.lang.String)
  ✔ 만일 "시스템" 역할이 "setup" 행동을 수행한다                                                                                                   # org.mulino.verification.ScenarioGlue.action(java.lang.String,java.lang.String)
  ✔ 만일 "A" 역할이 "before-db-snapshot" 행동을 수행한다                                                                                        # org.mulino.verification.ScenarioGlue.action(java.lang.String,java.lang.String)
  ✔ 만일 "시스템" 역할이 "before-db" 행동을 수행한다                                                                                               # org.mulino.verification.ScenarioGlue.action(java.lang.String,java.lang.String)
  ✔ 만일 "시스템" 역할이 "link-fault" 행동을 수행한다                                                                                              # org.mulino.verification.ScenarioGlue.action(java.lang.String,java.lang.String)
  ✔ 만일 "A" 역할이 "transfer" 행동을 수행한다                                                                                                  # org.mulino.verification.ScenarioGlue.action(java.lang.String,java.lang.String)
  ✔ 만일 "A" 역할이 "responsibility" 행동을 수행한다                                                                                            # org.mulino.verification.ScenarioGlue.action(java.lang.String,java.lang.String)
  ✔ 만일 "시스템" 역할이 "after-db" 행동을 수행한다                                                                                                # org.mulino.verification.ScenarioGlue.action(java.lang.String,java.lang.String)
  ✘ 그러면 "transfer-rollback" assertion으로 "의무 이전의 책임 원자성 link-failure. orphan-target-assignment의 독립 고정 기대값을 대조한다."를 확인한다              # org.mulino.verification.ScenarioGlue.assertion(java.lang.String,java.lang.String)
        java.lang.AssertionError: source transfer is NOT_IMPLEMENTED: NOT_IMPLEMENTED: no real product adapters installed
                at org.mulino.verification.AssertionEngine.fail(AssertionEngine.java:138)
                at org.mulino.verification.AssertionEngine.require(AssertionEngine.java:137)
                at org.mulino.verification.AssertionEngine.requireExecuted(AssertionEngine.java:77)
                at org.mulino.verification.AssertionEngine.requireSourcesAvailable(AssertionEngine.java:68)
                at org.mulino.verification.CaseRunner.assertId(CaseRunner.java:151)
                at org.mulino.verification.ScenarioGlue.assertion(ScenarioGlue.java:26)
                at ✽."transfer-rollback" assertion으로 "의무 이전의 책임 원자성 link-failure. orphan-target-assignment의 독립 고정 기대값을 대조한다."를 확인한다(file:///Volumes/VideoStore/Developer/mulino-ontology-step2-wire-async/verification/harness/target/work-51-input/verification/cases/T10/scenario.feature:118)
  ↷ 그러면 "source-open" assertion으로 "의무 이전의 책임 원자성 link-failure. source-assignment의 독립 고정 기대값을 대조한다."를 확인한다                           # org.mulino.verification.ScenarioGlue.assertion(java.lang.String,java.lang.String)
  ↷ 그러면 "source-responsibility-one" assertion으로 "의무 이전의 책임 원자성 link-failure. source-responsibility의 독립 고정 기대값을 대조한다."를 확인한다         # org.mulino.verification.ScenarioGlue.assertion(java.lang.String,java.lang.String)
  ↷ 그러면 "source-responsibility-owner" assertion으로 "의무 이전의 책임 원자성 link-failure. source-responsibility의 독립 고정 기대값을 대조한다."를 확인한다       # org.mulino.verification.ScenarioGlue.assertion(java.lang.String,java.lang.String)
  ↷ 그러면 "source-responsibility-next-action" assertion으로 "의무 이전의 책임 원자성 link-failure. source-responsibility의 독립 고정 기대값을 대조한다."를 확인한다 # org.mulino.verification.ScenarioGlue.assertion(java.lang.String,java.lang.String)
  ↷ 그러면 "source-responsibility-next-check" assertion으로 "의무 이전의 책임 원자성 link-failure. source-responsibility의 독립 고정 기대값을 대조한다."를 확인한다  # org.mulino.verification.ScenarioGlue.assertion(java.lang.String,java.lang.String)
  ↷ 그러면 "no-target-assignment" assertion으로 "의무 이전의 책임 원자성 link-failure. orphan-target-assignment의 독립 고정 기대값을 대조한다."를 확인한다           # org.mulino.verification.ScenarioGlue.assertion(java.lang.String,java.lang.String)
  ↷ 그러면 "source-row-preserved" assertion으로 "같은 대상의 독립 전후 원행을 비교한다. 조회/거부 감사의 추가는 별도 허용한다."를 확인한다                                    # org.mulino.verification.ScenarioGlue.assertion(java.lang.String,java.lang.String)

@T10 @D10 @sit @uat
시나리오: 의무 이전의 책임 원자성 closed-target                                                                                                    # target/work-51-input/verification/cases/T10/scenario.feature:127
  ✔ 먼저 사례 파일 "verification/cases/T10/case.json"의 "closed-target"를 준비한다                                                               # org.mulino.verification.ScenarioGlue.prepare(java.lang.String,java.lang.String)
  ✔ 만일 "시스템" 역할이 "setup" 행동을 수행한다                                                                                                    # org.mulino.verification.ScenarioGlue.action(java.lang.String,java.lang.String)
  ✔ 만일 "A" 역할이 "before-db-snapshot" 행동을 수행한다                                                                                         # org.mulino.verification.ScenarioGlue.action(java.lang.String,java.lang.String)
  ✔ 만일 "시스템" 역할이 "before-db" 행동을 수행한다                                                                                                # org.mulino.verification.ScenarioGlue.action(java.lang.String,java.lang.String)
  ✔ 만일 "A" 역할이 "transfer" 행동을 수행한다                                                                                                   # org.mulino.verification.ScenarioGlue.action(java.lang.String,java.lang.String)
  ✔ 만일 "A" 역할이 "responsibility" 행동을 수행한다                                                                                             # org.mulino.verification.ScenarioGlue.action(java.lang.String,java.lang.String)
  ✔ 만일 "시스템" 역할이 "after-db" 행동을 수행한다                                                                                                 # org.mulino.verification.ScenarioGlue.action(java.lang.String,java.lang.String)
  ✘ 그러면 "transfer-rollback" assertion으로 "의무 이전의 책임 원자성 closed-target. orphan-target-assignment의 독립 고정 기대값을 대조한다."를 확인한다              # org.mulino.verification.ScenarioGlue.assertion(java.lang.String,java.lang.String)
        java.lang.AssertionError: source transfer is NOT_IMPLEMENTED: NOT_IMPLEMENTED: no real product adapters installed
                at org.mulino.verification.AssertionEngine.fail(AssertionEngine.java:138)
                at org.mulino.verification.AssertionEngine.require(AssertionEngine.java:137)
                at org.mulino.verification.AssertionEngine.requireExecuted(AssertionEngine.java:77)
                at org.mulino.verification.AssertionEngine.requireSourcesAvailable(AssertionEngine.java:68)
                at org.mulino.verification.CaseRunner.assertId(CaseRunner.java:151)
                at org.mulino.verification.ScenarioGlue.assertion(ScenarioGlue.java:26)
                at ✽."transfer-rollback" assertion으로 "의무 이전의 책임 원자성 closed-target. orphan-target-assignment의 독립 고정 기대값을 대조한다."를 확인한다(file:///Volumes/VideoStore/Developer/mulino-ontology-step2-wire-async/verification/harness/target/work-51-input/verification/cases/T10/scenario.feature:135)
  ↷ 그러면 "source-open" assertion으로 "의무 이전의 책임 원자성 closed-target. source-assignment의 독립 고정 기대값을 대조한다."를 확인한다                           # org.mulino.verification.ScenarioGlue.assertion(java.lang.String,java.lang.String)
  ↷ 그러면 "source-responsibility-one" assertion으로 "의무 이전의 책임 원자성 closed-target. source-responsibility의 독립 고정 기대값을 대조한다."를 확인한다         # org.mulino.verification.ScenarioGlue.assertion(java.lang.String,java.lang.String)
  ↷ 그러면 "source-responsibility-owner" assertion으로 "의무 이전의 책임 원자성 closed-target. source-responsibility의 독립 고정 기대값을 대조한다."를 확인한다       # org.mulino.verification.ScenarioGlue.assertion(java.lang.String,java.lang.String)
  ↷ 그러면 "source-responsibility-next-action" assertion으로 "의무 이전의 책임 원자성 closed-target. source-responsibility의 독립 고정 기대값을 대조한다."를 확인한다 # org.mulino.verification.ScenarioGlue.assertion(java.lang.String,java.lang.String)
  ↷ 그러면 "source-responsibility-next-check" assertion으로 "의무 이전의 책임 원자성 closed-target. source-responsibility의 독립 고정 기대값을 대조한다."를 확인한다  # org.mulino.verification.ScenarioGlue.assertion(java.lang.String,java.lang.String)
  ↷ 그러면 "no-target-assignment" assertion으로 "의무 이전의 책임 원자성 closed-target. orphan-target-assignment의 독립 고정 기대값을 대조한다."를 확인한다           # org.mulino.verification.ScenarioGlue.assertion(java.lang.String,java.lang.String)
  ↷ 그러면 "source-row-preserved" assertion으로 "같은 대상의 독립 전후 원행을 비교한다. 조회/거부 감사의 추가는 별도 허용한다."를 확인한다                                     # org.mulino.verification.ScenarioGlue.assertion(java.lang.String,java.lang.String)

@T10 @D10 @sit @uat
시나리오: 의무 이전의 책임 원자성 missing-owner                                                                                                    # target/work-51-input/verification/cases/T10/scenario.feature:144
  ✔ 먼저 사례 파일 "verification/cases/T10/case.json"의 "missing-owner"를 준비한다                                                               # org.mulino.verification.ScenarioGlue.prepare(java.lang.String,java.lang.String)
  ✔ 만일 "시스템" 역할이 "setup" 행동을 수행한다                                                                                                    # org.mulino.verification.ScenarioGlue.action(java.lang.String,java.lang.String)
  ✔ 만일 "A" 역할이 "before-db-snapshot" 행동을 수행한다                                                                                         # org.mulino.verification.ScenarioGlue.action(java.lang.String,java.lang.String)
  ✔ 만일 "시스템" 역할이 "before-db" 행동을 수행한다                                                                                                # org.mulino.verification.ScenarioGlue.action(java.lang.String,java.lang.String)
  ✔ 만일 "A" 역할이 "transfer" 행동을 수행한다                                                                                                   # org.mulino.verification.ScenarioGlue.action(java.lang.String,java.lang.String)
  ✔ 만일 "A" 역할이 "responsibility" 행동을 수행한다                                                                                             # org.mulino.verification.ScenarioGlue.action(java.lang.String,java.lang.String)
  ✔ 만일 "시스템" 역할이 "after-db" 행동을 수행한다                                                                                                 # org.mulino.verification.ScenarioGlue.action(java.lang.String,java.lang.String)
  ✘ 그러면 "transfer-rollback" assertion으로 "의무 이전의 책임 원자성 missing-owner. orphan-target-assignment의 독립 고정 기대값을 대조한다."를 확인한다              # org.mulino.verification.ScenarioGlue.assertion(java.lang.String,java.lang.String)
        java.lang.AssertionError: source transfer is NOT_IMPLEMENTED: NOT_IMPLEMENTED: no real product adapters installed
                at org.mulino.verification.AssertionEngine.fail(AssertionEngine.java:138)
                at org.mulino.verification.AssertionEngine.require(AssertionEngine.java:137)
                at org.mulino.verification.AssertionEngine.requireExecuted(AssertionEngine.java:77)
                at org.mulino.verification.AssertionEngine.requireSourcesAvailable(AssertionEngine.java:68)
                at org.mulino.verification.CaseRunner.assertId(CaseRunner.java:151)
                at org.mulino.verification.ScenarioGlue.assertion(ScenarioGlue.java:26)
                at ✽."transfer-rollback" assertion으로 "의무 이전의 책임 원자성 missing-owner. orphan-target-assignment의 독립 고정 기대값을 대조한다."를 확인한다(file:///Volumes/VideoStore/Developer/mulino-ontology-step2-wire-async/verification/harness/target/work-51-input/verification/cases/T10/scenario.feature:152)
  ↷ 그러면 "source-open" assertion으로 "의무 이전의 책임 원자성 missing-owner. source-assignment의 독립 고정 기대값을 대조한다."를 확인한다                           # org.mulino.verification.ScenarioGlue.assertion(java.lang.String,java.lang.String)
  ↷ 그러면 "source-responsibility-one" assertion으로 "의무 이전의 책임 원자성 missing-owner. source-responsibility의 독립 고정 기대값을 대조한다."를 확인한다         # org.mulino.verification.ScenarioGlue.assertion(java.lang.String,java.lang.String)
  ↷ 그러면 "source-responsibility-owner" assertion으로 "의무 이전의 책임 원자성 missing-owner. source-responsibility의 독립 고정 기대값을 대조한다."를 확인한다       # org.mulino.verification.ScenarioGlue.assertion(java.lang.String,java.lang.String)
  ↷ 그러면 "source-responsibility-next-action" assertion으로 "의무 이전의 책임 원자성 missing-owner. source-responsibility의 독립 고정 기대값을 대조한다."를 확인한다 # org.mulino.verification.ScenarioGlue.assertion(java.lang.String,java.lang.String)
  ↷ 그러면 "source-responsibility-next-check" assertion으로 "의무 이전의 책임 원자성 missing-owner. source-responsibility의 독립 고정 기대값을 대조한다."를 확인한다  # org.mulino.verification.ScenarioGlue.assertion(java.lang.String,java.lang.String)
  ↷ 그러면 "no-target-assignment" assertion으로 "의무 이전의 책임 원자성 missing-owner. orphan-target-assignment의 독립 고정 기대값을 대조한다."를 확인한다           # org.mulino.verification.ScenarioGlue.assertion(java.lang.String,java.lang.String)
  ↷ 그러면 "source-row-preserved" assertion으로 "같은 대상의 독립 전후 원행을 비교한다. 조회/거부 감사의 추가는 별도 허용한다."를 확인한다                                     # org.mulino.verification.ScenarioGlue.assertion(java.lang.String,java.lang.String)

@T10 @D10 @sit @uat
시나리오: 의무 이전의 책임 원자성 missing-next-action                                                                                                    # target/work-51-input/verification/cases/T10/scenario.feature:161
  ✔ 먼저 사례 파일 "verification/cases/T10/case.json"의 "missing-next-action"를 준비한다                                                               # org.mulino.verification.ScenarioGlue.prepare(java.lang.String,java.lang.String)
  ✔ 만일 "시스템" 역할이 "setup" 행동을 수행한다                                                                                                          # org.mulino.verification.ScenarioGlue.action(java.lang.String,java.lang.String)
  ✔ 만일 "A" 역할이 "before-db-snapshot" 행동을 수행한다                                                                                               # org.mulino.verification.ScenarioGlue.action(java.lang.String,java.lang.String)
  ✔ 만일 "시스템" 역할이 "before-db" 행동을 수행한다                                                                                                      # org.mulino.verification.ScenarioGlue.action(java.lang.String,java.lang.String)
  ✔ 만일 "A" 역할이 "transfer" 행동을 수행한다                                                                                                         # org.mulino.verification.ScenarioGlue.action(java.lang.String,java.lang.String)
  ✔ 만일 "A" 역할이 "responsibility" 행동을 수행한다                                                                                                   # org.mulino.verification.ScenarioGlue.action(java.lang.String,java.lang.String)
  ✔ 만일 "시스템" 역할이 "after-db" 행동을 수행한다                                                                                                       # org.mulino.verification.ScenarioGlue.action(java.lang.String,java.lang.String)
  ✘ 그러면 "transfer-rollback" assertion으로 "의무 이전의 책임 원자성 missing-next-action. orphan-target-assignment의 독립 고정 기대값을 대조한다."를 확인한다              # org.mulino.verification.ScenarioGlue.assertion(java.lang.String,java.lang.String)
        java.lang.AssertionError: source transfer is NOT_IMPLEMENTED: NOT_IMPLEMENTED: no real product adapters installed
                at org.mulino.verification.AssertionEngine.fail(AssertionEngine.java:138)
                at org.mulino.verification.AssertionEngine.require(AssertionEngine.java:137)
                at org.mulino.verification.AssertionEngine.requireExecuted(AssertionEngine.java:77)
                at org.mulino.verification.AssertionEngine.requireSourcesAvailable(AssertionEngine.java:68)
                at org.mulino.verification.CaseRunner.assertId(CaseRunner.java:151)
                at org.mulino.verification.ScenarioGlue.assertion(ScenarioGlue.java:26)
                at ✽."transfer-rollback" assertion으로 "의무 이전의 책임 원자성 missing-next-action. orphan-target-assignment의 독립 고정 기대값을 대조한다."를 확인한다(file:///Volumes/VideoStore/Developer/mulino-ontology-step2-wire-async/verification/harness/target/work-51-input/verification/cases/T10/scenario.feature:169)
  ↷ 그러면 "source-open" assertion으로 "의무 이전의 책임 원자성 missing-next-action. source-assignment의 독립 고정 기대값을 대조한다."를 확인한다                           # org.mulino.verification.ScenarioGlue.assertion(java.lang.String,java.lang.String)
  ↷ 그러면 "source-responsibility-one" assertion으로 "의무 이전의 책임 원자성 missing-next-action. source-responsibility의 독립 고정 기대값을 대조한다."를 확인한다         # org.mulino.verification.ScenarioGlue.assertion(java.lang.String,java.lang.String)
  ↷ 그러면 "source-responsibility-owner" assertion으로 "의무 이전의 책임 원자성 missing-next-action. source-responsibility의 독립 고정 기대값을 대조한다."를 확인한다       # org.mulino.verification.ScenarioGlue.assertion(java.lang.String,java.lang.String)
  ↷ 그러면 "source-responsibility-next-action" assertion으로 "의무 이전의 책임 원자성 missing-next-action. source-responsibility의 독립 고정 기대값을 대조한다."를 확인한다 # org.mulino.verification.ScenarioGlue.assertion(java.lang.String,java.lang.String)
  ↷ 그러면 "source-responsibility-next-check" assertion으로 "의무 이전의 책임 원자성 missing-next-action. source-responsibility의 독립 고정 기대값을 대조한다."를 확인한다  # org.mulino.verification.ScenarioGlue.assertion(java.lang.String,java.lang.String)
  ↷ 그러면 "no-target-assignment" assertion으로 "의무 이전의 책임 원자성 missing-next-action. orphan-target-assignment의 독립 고정 기대값을 대조한다."를 확인한다           # org.mulino.verification.ScenarioGlue.assertion(java.lang.String,java.lang.String)
  ↷ 그러면 "source-row-preserved" assertion으로 "같은 대상의 독립 전후 원행을 비교한다. 조회/거부 감사의 추가는 별도 허용한다."를 확인한다                                           # org.mulino.verification.ScenarioGlue.assertion(java.lang.String,java.lang.String)

@T10 @D10 @sit @uat
시나리오: 의무 이전의 책임 원자성 missing-next-check                                                                                                    # target/work-51-input/verification/cases/T10/scenario.feature:178
  ✔ 먼저 사례 파일 "verification/cases/T10/case.json"의 "missing-next-check"를 준비한다                                                               # org.mulino.verification.ScenarioGlue.prepare(java.lang.String,java.lang.String)
  ✔ 만일 "시스템" 역할이 "setup" 행동을 수행한다                                                                                                         # org.mulino.verification.ScenarioGlue.action(java.lang.String,java.lang.String)
  ✔ 만일 "A" 역할이 "before-db-snapshot" 행동을 수행한다                                                                                              # org.mulino.verification.ScenarioGlue.action(java.lang.String,java.lang.String)
  ✔ 만일 "시스템" 역할이 "before-db" 행동을 수행한다                                                                                                     # org.mulino.verification.ScenarioGlue.action(java.lang.String,java.lang.String)
  ✔ 만일 "A" 역할이 "transfer" 행동을 수행한다                                                                                                        # org.mulino.verification.ScenarioGlue.action(java.lang.String,java.lang.String)
  ✔ 만일 "A" 역할이 "responsibility" 행동을 수행한다                                                                                                  # org.mulino.verification.ScenarioGlue.action(java.lang.String,java.lang.String)
  ✔ 만일 "시스템" 역할이 "after-db" 행동을 수행한다                                                                                                      # org.mulino.verification.ScenarioGlue.action(java.lang.String,java.lang.String)
  ✘ 그러면 "transfer-rollback" assertion으로 "의무 이전의 책임 원자성 missing-next-check. orphan-target-assignment의 독립 고정 기대값을 대조한다."를 확인한다              # org.mulino.verification.ScenarioGlue.assertion(java.lang.String,java.lang.String)
        java.lang.AssertionError: source transfer is NOT_IMPLEMENTED: NOT_IMPLEMENTED: no real product adapters installed
                at org.mulino.verification.AssertionEngine.fail(AssertionEngine.java:138)
                at org.mulino.verification.AssertionEngine.require(AssertionEngine.java:137)
                at org.mulino.verification.AssertionEngine.requireExecuted(AssertionEngine.java:77)
                at org.mulino.verification.AssertionEngine.requireSourcesAvailable(AssertionEngine.java:68)
                at org.mulino.verification.CaseRunner.assertId(CaseRunner.java:151)
                at org.mulino.verification.ScenarioGlue.assertion(ScenarioGlue.java:26)
                at ✽."transfer-rollback" assertion으로 "의무 이전의 책임 원자성 missing-next-check. orphan-target-assignment의 독립 고정 기대값을 대조한다."를 확인한다(file:///Volumes/VideoStore/Developer/mulino-ontology-step2-wire-async/verification/harness/target/work-51-input/verification/cases/T10/scenario.feature:186)
  ↷ 그러면 "source-open" assertion으로 "의무 이전의 책임 원자성 missing-next-check. source-assignment의 독립 고정 기대값을 대조한다."를 확인한다                           # org.mulino.verification.ScenarioGlue.assertion(java.lang.String,java.lang.String)
  ↷ 그러면 "source-responsibility-one" assertion으로 "의무 이전의 책임 원자성 missing-next-check. source-responsibility의 독립 고정 기대값을 대조한다."를 확인한다         # org.mulino.verification.ScenarioGlue.assertion(java.lang.String,java.lang.String)
  ↷ 그러면 "source-responsibility-owner" assertion으로 "의무 이전의 책임 원자성 missing-next-check. source-responsibility의 독립 고정 기대값을 대조한다."를 확인한다       # org.mulino.verification.ScenarioGlue.assertion(java.lang.String,java.lang.String)
  ↷ 그러면 "source-responsibility-next-action" assertion으로 "의무 이전의 책임 원자성 missing-next-check. source-responsibility의 독립 고정 기대값을 대조한다."를 확인한다 # org.mulino.verification.ScenarioGlue.assertion(java.lang.String,java.lang.String)
  ↷ 그러면 "source-responsibility-next-check" assertion으로 "의무 이전의 책임 원자성 missing-next-check. source-responsibility의 독립 고정 기대값을 대조한다."를 확인한다  # org.mulino.verification.ScenarioGlue.assertion(java.lang.String,java.lang.String)
  ↷ 그러면 "no-target-assignment" assertion으로 "의무 이전의 책임 원자성 missing-next-check. orphan-target-assignment의 독립 고정 기대값을 대조한다."를 확인한다           # org.mulino.verification.ScenarioGlue.assertion(java.lang.String,java.lang.String)
  ↷ 그러면 "source-row-preserved" assertion으로 "같은 대상의 독립 전후 원행을 비교한다. 조회/거부 감사의 추가는 별도 허용한다."를 확인한다                                          # org.mulino.verification.ScenarioGlue.assertion(java.lang.String,java.lang.String)

@T10 @D10 @sit @uat
시나리오: 의무 이전의 책임 원자성 successful-transfer                                                                                          # target/work-51-input/verification/cases/T10/scenario.feature:195
  ✔ 먼저 사례 파일 "verification/cases/T10/case.json"의 "successful-transfer"를 준비한다                                                     # org.mulino.verification.ScenarioGlue.prepare(java.lang.String,java.lang.String)
  ✔ 만일 "시스템" 역할이 "setup" 행동을 수행한다                                                                                                # org.mulino.verification.ScenarioGlue.action(java.lang.String,java.lang.String)
  ✔ 만일 "A" 역할이 "before-db-snapshot" 행동을 수행한다                                                                                     # org.mulino.verification.ScenarioGlue.action(java.lang.String,java.lang.String)
  ✔ 만일 "시스템" 역할이 "before-db" 행동을 수행한다                                                                                            # org.mulino.verification.ScenarioGlue.action(java.lang.String,java.lang.String)
  ✔ 만일 "A" 역할이 "transfer" 행동을 수행한다                                                                                               # org.mulino.verification.ScenarioGlue.action(java.lang.String,java.lang.String)
  ✔ 만일 "A" 역할이 "responsibility" 행동을 수행한다                                                                                         # org.mulino.verification.ScenarioGlue.action(java.lang.String,java.lang.String)
  ✔ 만일 "시스템" 역할이 "after-db" 행동을 수행한다                                                                                             # org.mulino.verification.ScenarioGlue.action(java.lang.String,java.lang.String)
  ✘ 그러면 "transfer-applied" assertion으로 "의무 이전의 책임 원자성 successful-transfer. transfer-guard의 독립 고정 기대값을 대조한다."를 확인한다               # org.mulino.verification.ScenarioGlue.assertion(java.lang.String,java.lang.String)
        java.lang.AssertionError: source transfer is NOT_IMPLEMENTED: NOT_IMPLEMENTED: no real product adapters installed
                at org.mulino.verification.AssertionEngine.fail(AssertionEngine.java:138)
                at org.mulino.verification.AssertionEngine.require(AssertionEngine.java:137)
                at org.mulino.verification.AssertionEngine.requireExecuted(AssertionEngine.java:77)
                at org.mulino.verification.AssertionEngine.requireSourcesAvailable(AssertionEngine.java:68)
                at org.mulino.verification.CaseRunner.assertId(CaseRunner.java:151)
                at org.mulino.verification.ScenarioGlue.assertion(ScenarioGlue.java:26)
                at ✽."transfer-applied" assertion으로 "의무 이전의 책임 원자성 successful-transfer. transfer-guard의 독립 고정 기대값을 대조한다."를 확인한다(file:///Volumes/VideoStore/Developer/mulino-ontology-step2-wire-async/verification/harness/target/work-51-input/verification/cases/T10/scenario.feature:203)
  ↷ 그러면 "source-transferred" assertion으로 "의무 이전의 책임 원자성 successful-transfer. transfer-guard의 독립 고정 기대값을 대조한다."를 확인한다             # org.mulino.verification.ScenarioGlue.assertion(java.lang.String,java.lang.String)
  ↷ 그러면 "target-owner-one" assertion으로 "의무 이전의 책임 원자성 successful-transfer. transfer-guard의 독립 고정 기대값을 대조한다."를 확인한다               # org.mulino.verification.ScenarioGlue.assertion(java.lang.String,java.lang.String)
  ↷ 그러면 "target-owner-owner" assertion으로 "의무 이전의 책임 원자성 successful-transfer. transfer-guard의 독립 고정 기대값을 대조한다."를 확인한다             # org.mulino.verification.ScenarioGlue.assertion(java.lang.String,java.lang.String)
  ↷ 그러면 "target-owner-next-action" assertion으로 "의무 이전의 책임 원자성 successful-transfer. transfer-guard의 독립 고정 기대값을 대조한다."를 확인한다       # org.mulino.verification.ScenarioGlue.assertion(java.lang.String,java.lang.String)
  ↷ 그러면 "target-owner-next-check" assertion으로 "의무 이전의 책임 원자성 successful-transfer. transfer-guard의 독립 고정 기대값을 대조한다."를 확인한다        # org.mulino.verification.ScenarioGlue.assertion(java.lang.String,java.lang.String)
  ↷ 그러면 "root-still-open" assertion으로 "의무 이전의 책임 원자성 successful-transfer. transfer-guard의 독립 고정 기대값을 대조한다."를 확인한다                # org.mulino.verification.ScenarioGlue.assertion(java.lang.String,java.lang.String)
  ↷ 그러면 "target-valid-work" assertion으로 "의무 이전의 책임 원자성 successful-transfer. transfer-guard의 독립 고정 기대값을 대조한다."를 확인한다              # org.mulino.verification.ScenarioGlue.assertion(java.lang.String,java.lang.String)
  ↷ 그러면 "transfer-chain" assertion으로 "의무 이전의 책임 원자성 successful-transfer. transfer-guard의 독립 고정 기대값을 대조한다."를 확인한다                 # org.mulino.verification.ScenarioGlue.assertion(java.lang.String,java.lang.String)
  ↷ 그러면 "transfer-links-one-transaction" assertion으로 "의무 이전의 책임 원자성 successful-transfer. transfer-guard의 독립 고정 기대값을 대조한다."를 확인한다 # org.mulino.verification.ScenarioGlue.assertion(java.lang.String,java.lang.String)

@T10 @D10 @sit @uat
시나리오: 의무 이전의 책임 원자성 cycle                                                                                          # target/work-51-input/verification/cases/T10/scenario.feature:214
  ✔ 먼저 사례 파일 "verification/cases/T10/case.json"의 "cycle"를 준비한다                                                     # org.mulino.verification.ScenarioGlue.prepare(java.lang.String,java.lang.String)
  ✔ 만일 "시스템" 역할이 "setup" 행동을 수행한다                                                                                  # org.mulino.verification.ScenarioGlue.action(java.lang.String,java.lang.String)
  ✔ 만일 "A" 역할이 "before-db-snapshot" 행동을 수행한다                                                                       # org.mulino.verification.ScenarioGlue.action(java.lang.String,java.lang.String)
  ✔ 만일 "시스템" 역할이 "before-db" 행동을 수행한다                                                                              # org.mulino.verification.ScenarioGlue.action(java.lang.String,java.lang.String)
  ✔ 만일 "A" 역할이 "transfer" 행동을 수행한다                                                                                 # org.mulino.verification.ScenarioGlue.action(java.lang.String,java.lang.String)
  ✔ 만일 "B" 역할이 "back-transfer" 행동을 수행한다                                                                            # org.mulino.verification.ScenarioGlue.action(java.lang.String,java.lang.String)
  ✔ 만일 "A" 역할이 "responsibility" 행동을 수행한다                                                                           # org.mulino.verification.ScenarioGlue.action(java.lang.String,java.lang.String)
  ✔ 만일 "시스템" 역할이 "after-db" 행동을 수행한다                                                                               # org.mulino.verification.ScenarioGlue.action(java.lang.String,java.lang.String)
  ✘ 그러면 "transfer-applied" assertion으로 "의무 이전의 책임 원자성 cycle. transfer-guard의 독립 고정 기대값을 대조한다."를 확인한다               # org.mulino.verification.ScenarioGlue.assertion(java.lang.String,java.lang.String)
        java.lang.AssertionError: source transfer is NOT_IMPLEMENTED: NOT_IMPLEMENTED: no real product adapters installed
                at org.mulino.verification.AssertionEngine.fail(AssertionEngine.java:138)
                at org.mulino.verification.AssertionEngine.require(AssertionEngine.java:137)
                at org.mulino.verification.AssertionEngine.requireExecuted(AssertionEngine.java:77)
                at org.mulino.verification.AssertionEngine.requireSourcesAvailable(AssertionEngine.java:68)
                at org.mulino.verification.CaseRunner.assertId(CaseRunner.java:151)
                at org.mulino.verification.ScenarioGlue.assertion(ScenarioGlue.java:26)
                at ✽."transfer-applied" assertion으로 "의무 이전의 책임 원자성 cycle. transfer-guard의 독립 고정 기대값을 대조한다."를 확인한다(file:///Volumes/VideoStore/Developer/mulino-ontology-step2-wire-async/verification/harness/target/work-51-input/verification/cases/T10/scenario.feature:223)
  ↷ 그러면 "source-transferred" assertion으로 "의무 이전의 책임 원자성 cycle. transfer-guard의 독립 고정 기대값을 대조한다."를 확인한다             # org.mulino.verification.ScenarioGlue.assertion(java.lang.String,java.lang.String)
  ↷ 그러면 "target-owner-one" assertion으로 "의무 이전의 책임 원자성 cycle. transfer-guard의 독립 고정 기대값을 대조한다."를 확인한다               # org.mulino.verification.ScenarioGlue.assertion(java.lang.String,java.lang.String)
  ↷ 그러면 "target-owner-owner" assertion으로 "의무 이전의 책임 원자성 cycle. transfer-guard의 독립 고정 기대값을 대조한다."를 확인한다             # org.mulino.verification.ScenarioGlue.assertion(java.lang.String,java.lang.String)
  ↷ 그러면 "target-owner-next-action" assertion으로 "의무 이전의 책임 원자성 cycle. transfer-guard의 독립 고정 기대값을 대조한다."를 확인한다       # org.mulino.verification.ScenarioGlue.assertion(java.lang.String,java.lang.String)
  ↷ 그러면 "target-owner-next-check" assertion으로 "의무 이전의 책임 원자성 cycle. transfer-guard의 독립 고정 기대값을 대조한다."를 확인한다        # org.mulino.verification.ScenarioGlue.assertion(java.lang.String,java.lang.String)
  ↷ 그러면 "root-still-open" assertion으로 "의무 이전의 책임 원자성 cycle. transfer-guard의 독립 고정 기대값을 대조한다."를 확인한다                # org.mulino.verification.ScenarioGlue.assertion(java.lang.String,java.lang.String)
  ↷ 그러면 "target-valid-work" assertion으로 "의무 이전의 책임 원자성 cycle. transfer-guard의 독립 고정 기대값을 대조한다."를 확인한다              # org.mulino.verification.ScenarioGlue.assertion(java.lang.String,java.lang.String)
  ↷ 그러면 "transfer-chain" assertion으로 "의무 이전의 책임 원자성 cycle. transfer-guard의 독립 고정 기대값을 대조한다."를 확인한다                 # org.mulino.verification.ScenarioGlue.assertion(java.lang.String,java.lang.String)
  ↷ 그러면 "transfer-links-one-transaction" assertion으로 "의무 이전의 책임 원자성 cycle. transfer-guard의 독립 고정 기대값을 대조한다."를 확인한다 # org.mulino.verification.ScenarioGlue.assertion(java.lang.String,java.lang.String)
  ↷ 그러면 "cycle-rejected" assertion으로 "의무 이전의 책임 원자성 cycle. transfer-guard의 독립 고정 기대값을 대조한다."를 확인한다                 # org.mulino.verification.ScenarioGlue.assertion(java.lang.String,java.lang.String)
  ↷ 그러면 "current-root-assignment1" assertion으로 "의무 이전의 책임 원자성 cycle. transfer-guard의 독립 고정 기대값을 대조한다."를 확인한다       # org.mulino.verification.ScenarioGlue.assertion(java.lang.String,java.lang.String)

@T10 @D10 @sit @uat
시나리오: 부분 이전4와 잔여6의 root10을 중복 없이 보존한다 False                                                                                        # target/work-51-input/verification/cases/T10/scenario.feature:236
  ✔ 먼저 사례 파일 "verification/cases/T10/case.json"의 "partial-commit"를 준비한다                                                            # org.mulino.verification.ScenarioGlue.prepare(java.lang.String,java.lang.String)
  ✔ 만일 "시스템" 역할이 "setup" 행동을 수행한다                                                                                                  # org.mulino.verification.ScenarioGlue.action(java.lang.String,java.lang.String)
  ✔ 만일 "A" 역할이 "before-db-snapshot" 행동을 수행한다                                                                                       # org.mulino.verification.ScenarioGlue.action(java.lang.String,java.lang.String)
  ✔ 만일 "시스템" 역할이 "before-db" 행동을 수행한다                                                                                              # org.mulino.verification.ScenarioGlue.action(java.lang.String,java.lang.String)
  ✔ 만일 "A" 역할이 "partial-transfer" 행동을 수행한다                                                                                         # org.mulino.verification.ScenarioGlue.action(java.lang.String,java.lang.String)
  ✔ 만일 "A" 역할이 "after-db-snapshot" 행동을 수행한다                                                                                        # org.mulino.verification.ScenarioGlue.action(java.lang.String,java.lang.String)
  ✔ 만일 "시스템" 역할이 "after-db" 행동을 수행한다                                                                                               # org.mulino.verification.ScenarioGlue.action(java.lang.String,java.lang.String)
  ✘ 그러면 "partial-applied" assertion으로 "부분 이전4와 잔여6의 root10을 중복 없이 보존한다 False. current-assignments의 독립 고정 기대값을 대조한다."를 확인한다         # org.mulino.verification.ScenarioGlue.assertion(java.lang.String,java.lang.String)
        java.lang.AssertionError: source partial-transfer is NOT_IMPLEMENTED: NOT_IMPLEMENTED: no real product adapters installed
                at org.mulino.verification.AssertionEngine.fail(AssertionEngine.java:138)
                at org.mulino.verification.AssertionEngine.require(AssertionEngine.java:137)
                at org.mulino.verification.AssertionEngine.requireExecuted(AssertionEngine.java:77)
                at org.mulino.verification.AssertionEngine.requireSourcesAvailable(AssertionEngine.java:68)
                at org.mulino.verification.CaseRunner.assertId(CaseRunner.java:151)
                at org.mulino.verification.ScenarioGlue.assertion(ScenarioGlue.java:26)
                at ✽."partial-applied" assertion으로 "부분 이전4와 잔여6의 root10을 중복 없이 보존한다 False. current-assignments의 독립 고정 기대값을 대조한다."를 확인한다(file:///Volumes/VideoStore/Developer/mulino-ontology-step2-wire-async/verification/harness/target/work-51-input/verification/cases/T10/scenario.feature:244)
  ↷ 그러면 "transferred-quantity" assertion으로 "부분 이전4와 잔여6의 root10을 중복 없이 보존한다 False. transferred-scope의 독립 고정 기대값을 대조한다."를 확인한다      # org.mulino.verification.ScenarioGlue.assertion(java.lang.String,java.lang.String)
  ↷ 그러면 "remaining-quantity" assertion으로 "부분 이전4와 잔여6의 root10을 중복 없이 보존한다 False. remaining-scope의 독립 고정 기대값을 대조한다."를 확인한다          # org.mulino.verification.ScenarioGlue.assertion(java.lang.String,java.lang.String)
  ↷ 그러면 "unresolved-root-sum10" assertion으로 "부분 이전4와 잔여6의 root10을 중복 없이 보존한다 False. unresolved-root-total의 독립 고정 기대값을 대조한다."를 확인한다 # org.mulino.verification.ScenarioGlue.assertion(java.lang.String,java.lang.String)
  ↷ 그러면 "disjoint-leaf-scopes" assertion으로 "부분 이전4와 잔여6의 root10을 중복 없이 보존한다 False. current-assignments의 독립 고정 기대값을 대조한다."를 확인한다    # org.mulino.verification.ScenarioGlue.assertion(java.lang.String,java.lang.String)
  ↷ 그러면 "leaf-SOURCE-one" assertion으로 "부분 이전4와 잔여6의 root10을 중복 없이 보존한다 False. current-assignments의 독립 고정 기대값을 대조한다."를 확인한다         # org.mulino.verification.ScenarioGlue.assertion(java.lang.String,java.lang.String)
  ↷ 그러면 "leaf-SOURCE-owner" assertion으로 "부분 이전4와 잔여6의 root10을 중복 없이 보존한다 False. current-assignments의 독립 고정 기대값을 대조한다."를 확인한다       # org.mulino.verification.ScenarioGlue.assertion(java.lang.String,java.lang.String)
  ↷ 그러면 "leaf-SOURCE-next-action" assertion으로 "부분 이전4와 잔여6의 root10을 중복 없이 보존한다 False. current-assignments의 독립 고정 기대값을 대조한다."를 확인한다 # org.mulino.verification.ScenarioGlue.assertion(java.lang.String,java.lang.String)
  ↷ 그러면 "leaf-SOURCE-next-check" assertion으로 "부분 이전4와 잔여6의 root10을 중복 없이 보존한다 False. current-assignments의 독립 고정 기대값을 대조한다."를 확인한다  # org.mulino.verification.ScenarioGlue.assertion(java.lang.String,java.lang.String)
  ↷ 그러면 "leaf-TARGET-one" assertion으로 "부분 이전4와 잔여6의 root10을 중복 없이 보존한다 False. current-assignments의 독립 고정 기대값을 대조한다."를 확인한다         # org.mulino.verification.ScenarioGlue.assertion(java.lang.String,java.lang.String)
  ↷ 그러면 "leaf-TARGET-owner" assertion으로 "부분 이전4와 잔여6의 root10을 중복 없이 보존한다 False. current-assignments의 독립 고정 기대값을 대조한다."를 확인한다       # org.mulino.verification.ScenarioGlue.assertion(java.lang.String,java.lang.String)
  ↷ 그러면 "leaf-TARGET-next-action" assertion으로 "부분 이전4와 잔여6의 root10을 중복 없이 보존한다 False. current-assignments의 독립 고정 기대값을 대조한다."를 확인한다 # org.mulino.verification.ScenarioGlue.assertion(java.lang.String,java.lang.String)
  ↷ 그러면 "leaf-TARGET-next-check" assertion으로 "부분 이전4와 잔여6의 root10을 중복 없이 보존한다 False. current-assignments의 독립 고정 기대값을 대조한다."를 확인한다  # org.mulino.verification.ScenarioGlue.assertion(java.lang.String,java.lang.String)
  ↷ 그러면 "root-is-container" assertion으로 "부분 이전4와 잔여6의 root10을 중복 없이 보존한다 False. current-assignments의 독립 고정 기대값을 대조한다."를 확인한다       # org.mulino.verification.ScenarioGlue.assertion(java.lang.String,java.lang.String)
  ↷ 그러면 "atomic-child-links" assertion으로 "부분 이전4와 잔여6의 root10을 중복 없이 보존한다 False. current-assignments의 독립 고정 기대값을 대조한다."를 확인한다      # org.mulino.verification.ScenarioGlue.assertion(java.lang.String,java.lang.String)
  ↷ 그러면 "same-transaction" assertion으로 "부분 이전4와 잔여6의 root10을 중복 없이 보존한다 False. current-assignments의 독립 고정 기대값을 대조한다."를 확인한다        # org.mulino.verification.ScenarioGlue.assertion(java.lang.String,java.lang.String)

@T10 @D10 @sit @uat
시나리오: 부분 이전4와 잔여6의 root10을 중복 없이 보존한다 True                                                                                             # target/work-51-input/verification/cases/T10/scenario.feature:261
  ✔ 먼저 사례 파일 "verification/cases/T10/case.json"의 "partial-failure"를 준비한다                                                               # org.mulino.verification.ScenarioGlue.prepare(java.lang.String,java.lang.String)
  ✔ 만일 "시스템" 역할이 "setup" 행동을 수행한다                                                                                                      # org.mulino.verification.ScenarioGlue.action(java.lang.String,java.lang.String)
  ✔ 만일 "A" 역할이 "before-db-snapshot" 행동을 수행한다                                                                                           # org.mulino.verification.ScenarioGlue.action(java.lang.String,java.lang.String)
  ✔ 만일 "시스템" 역할이 "before-db" 행동을 수행한다                                                                                                  # org.mulino.verification.ScenarioGlue.action(java.lang.String,java.lang.String)
  ✔ 만일 "시스템" 역할이 "partial-fault" 행동을 수행한다                                                                                              # org.mulino.verification.ScenarioGlue.action(java.lang.String,java.lang.String)
  ✔ 만일 "A" 역할이 "partial-transfer" 행동을 수행한다                                                                                             # org.mulino.verification.ScenarioGlue.action(java.lang.String,java.lang.String)
  ✔ 만일 "A" 역할이 "after-db-snapshot" 행동을 수행한다                                                                                            # org.mulino.verification.ScenarioGlue.action(java.lang.String,java.lang.String)
  ✔ 만일 "시스템" 역할이 "after-db" 행동을 수행한다                                                                                                   # org.mulino.verification.ScenarioGlue.action(java.lang.String,java.lang.String)
  ✘ 그러면 "partial-rejected" assertion으로 "부분 이전4와 잔여6의 root10을 중복 없이 보존한다 True. current-assignments의 독립 고정 기대값을 대조한다."를 확인한다             # org.mulino.verification.ScenarioGlue.assertion(java.lang.String,java.lang.String)
        java.lang.AssertionError: source partial-transfer is NOT_IMPLEMENTED: NOT_IMPLEMENTED: no real product adapters installed
                at org.mulino.verification.AssertionEngine.fail(AssertionEngine.java:138)
                at org.mulino.verification.AssertionEngine.require(AssertionEngine.java:137)
                at org.mulino.verification.AssertionEngine.requireExecuted(AssertionEngine.java:77)
                at org.mulino.verification.AssertionEngine.requireSourcesAvailable(AssertionEngine.java:68)
                at org.mulino.verification.CaseRunner.assertId(CaseRunner.java:151)
                at org.mulino.verification.ScenarioGlue.assertion(ScenarioGlue.java:26)
                at ✽."partial-rejected" assertion으로 "부분 이전4와 잔여6의 root10을 중복 없이 보존한다 True. current-assignments의 독립 고정 기대값을 대조한다."를 확인한다(file:///Volumes/VideoStore/Developer/mulino-ontology-step2-wire-async/verification/harness/target/work-51-input/verification/cases/T10/scenario.feature:270)
  ↷ 그러면 "original-assignment-retained" assertion으로 "같은 대상의 독립 전후 원행을 비교한다. 조회/거부 감사의 추가는 별도 허용한다."를 확인한다                               # org.mulino.verification.ScenarioGlue.assertion(java.lang.String,java.lang.String)
  ↷ 그러면 "original-root-retained" assertion으로 "같은 대상의 독립 전후 원행을 비교한다. 조회/거부 감사의 추가는 별도 허용한다."를 확인한다                                     # org.mulino.verification.ScenarioGlue.assertion(java.lang.String,java.lang.String)
  ↷ 그러면 "original-owner10-one" assertion으로 "부분 이전4와 잔여6의 root10을 중복 없이 보존한다 True. current-assignments의 독립 고정 기대값을 대조한다."를 확인한다         # org.mulino.verification.ScenarioGlue.assertion(java.lang.String,java.lang.String)
  ↷ 그러면 "original-owner10-owner" assertion으로 "부분 이전4와 잔여6의 root10을 중복 없이 보존한다 True. current-assignments의 독립 고정 기대값을 대조한다."를 확인한다       # org.mulino.verification.ScenarioGlue.assertion(java.lang.String,java.lang.String)
  ↷ 그러면 "original-owner10-next-action" assertion으로 "부분 이전4와 잔여6의 root10을 중복 없이 보존한다 True. current-assignments의 독립 고정 기대값을 대조한다."를 확인한다 # org.mulino.verification.ScenarioGlue.assertion(java.lang.String,java.lang.String)
  ↷ 그러면 "original-owner10-next-check" assertion으로 "부분 이전4와 잔여6의 root10을 중복 없이 보존한다 True. current-assignments의 독립 고정 기대값을 대조한다."를 확인한다  # org.mulino.verification.ScenarioGlue.assertion(java.lang.String,java.lang.String)

@T10 @D10 @sit @uat
시나리오: 긴급 재배정·해소·면제의 근거와 권한 admin-emergency                                                                               # target/work-51-input/verification/cases/T10/scenario.feature:278
  ✔ 먼저 사례 파일 "verification/cases/T10/case.json"의 "admin-emergency"를 준비한다                                                 # org.mulino.verification.ScenarioGlue.prepare(java.lang.String,java.lang.String)
  ✔ 만일 "시스템" 역할이 "setup" 행동을 수행한다                                                                                        # org.mulino.verification.ScenarioGlue.action(java.lang.String,java.lang.String)
  ✔ 만일 "A" 역할이 "before-db-snapshot" 행동을 수행한다                                                                             # org.mulino.verification.ScenarioGlue.action(java.lang.String,java.lang.String)
  ✔ 만일 "시스템" 역할이 "before-db" 행동을 수행한다                                                                                    # org.mulino.verification.ScenarioGlue.action(java.lang.String,java.lang.String)
  ✔ 만일 "admin" 역할이 "decision" 행동을 수행한다                                                                                   # org.mulino.verification.ScenarioGlue.action(java.lang.String,java.lang.String)
  ✔ 만일 "A" 역할이 "after-db-snapshot" 행동을 수행한다                                                                              # org.mulino.verification.ScenarioGlue.action(java.lang.String,java.lang.String)
  ✔ 만일 "시스템" 역할이 "after-db" 행동을 수행한다                                                                                     # org.mulino.verification.ScenarioGlue.action(java.lang.String,java.lang.String)
  ✘ 그러면 "admin-applied" assertion으로 "긴급 재배정·해소·면제의 근거와 권한 admin-emergency. emergency-evidence의 독립 고정 기대값을 대조한다."를 확인한다   # org.mulino.verification.ScenarioGlue.assertion(java.lang.String,java.lang.String)
        java.lang.AssertionError: source decision is NOT_IMPLEMENTED: NOT_IMPLEMENTED: no real product adapters installed
                at org.mulino.verification.AssertionEngine.fail(AssertionEngine.java:138)
                at org.mulino.verification.AssertionEngine.require(AssertionEngine.java:137)
                at org.mulino.verification.AssertionEngine.requireExecuted(AssertionEngine.java:77)
                at org.mulino.verification.AssertionEngine.requireSourcesAvailable(AssertionEngine.java:68)
                at org.mulino.verification.CaseRunner.assertId(CaseRunner.java:151)
                at org.mulino.verification.ScenarioGlue.assertion(ScenarioGlue.java:26)
                at ✽."admin-applied" assertion으로 "긴급 재배정·해소·면제의 근거와 권한 admin-emergency. emergency-evidence의 독립 고정 기대값을 대조한다."를 확인한다(file:///Volumes/VideoStore/Developer/mulino-ontology-step2-wire-async/verification/harness/target/work-51-input/verification/cases/T10/scenario.feature:286)
  ↷ 그러면 "new-owner-B" assertion으로 "긴급 재배정·해소·면제의 근거와 권한 admin-emergency. emergency-evidence의 독립 고정 기대값을 대조한다."를 확인한다     # org.mulino.verification.ScenarioGlue.assertion(java.lang.String,java.lang.String)
  ↷ 그러면 "emergency-audit" assertion으로 "긴급 재배정·해소·면제의 근거와 권한 admin-emergency. emergency-evidence의 독립 고정 기대값을 대조한다."를 확인한다 # org.mulino.verification.ScenarioGlue.assertion(java.lang.String,java.lang.String)

@T10 @D10 @sit @uat
시나리오: 긴급 재배정·해소·면제의 근거와 권한 ordinary-emergency                                                                                     # target/work-51-input/verification/cases/T10/scenario.feature:290
  ✔ 먼저 사례 파일 "verification/cases/T10/case.json"의 "ordinary-emergency"를 준비한다                                                       # org.mulino.verification.ScenarioGlue.prepare(java.lang.String,java.lang.String)
  ✔ 만일 "시스템" 역할이 "setup" 행동을 수행한다                                                                                                 # org.mulino.verification.ScenarioGlue.action(java.lang.String,java.lang.String)
  ✔ 만일 "A" 역할이 "before-db-snapshot" 행동을 수행한다                                                                                      # org.mulino.verification.ScenarioGlue.action(java.lang.String,java.lang.String)
  ✔ 만일 "시스템" 역할이 "before-db" 행동을 수행한다                                                                                             # org.mulino.verification.ScenarioGlue.action(java.lang.String,java.lang.String)
  ✔ 만일 "A" 역할이 "decision" 행동을 수행한다                                                                                                # org.mulino.verification.ScenarioGlue.action(java.lang.String,java.lang.String)
  ✔ 만일 "A" 역할이 "after-db-snapshot" 행동을 수행한다                                                                                       # org.mulino.verification.ScenarioGlue.action(java.lang.String,java.lang.String)
  ✔ 만일 "시스템" 역할이 "after-db" 행동을 수행한다                                                                                              # org.mulino.verification.ScenarioGlue.action(java.lang.String,java.lang.String)
  ✘ 그러면 "decision-outcome" assertion으로 "긴급 재배정·해소·면제의 근거와 권한 ordinary-emergency. emergency-evidence의 독립 고정 기대값을 대조한다."를 확인한다      # org.mulino.verification.ScenarioGlue.assertion(java.lang.String,java.lang.String)
        java.lang.AssertionError: source decision is NOT_IMPLEMENTED: NOT_IMPLEMENTED: no real product adapters installed
                at org.mulino.verification.AssertionEngine.fail(AssertionEngine.java:138)
                at org.mulino.verification.AssertionEngine.require(AssertionEngine.java:137)
                at org.mulino.verification.AssertionEngine.requireExecuted(AssertionEngine.java:77)
                at org.mulino.verification.AssertionEngine.requireSourcesAvailable(AssertionEngine.java:68)
                at org.mulino.verification.CaseRunner.assertId(CaseRunner.java:151)
                at org.mulino.verification.ScenarioGlue.assertion(ScenarioGlue.java:26)
                at ✽."decision-outcome" assertion으로 "긴급 재배정·해소·면제의 근거와 권한 ordinary-emergency. emergency-evidence의 독립 고정 기대값을 대조한다."를 확인한다(file:///Volumes/VideoStore/Developer/mulino-ontology-step2-wire-async/verification/harness/target/work-51-input/verification/cases/T10/scenario.feature:298)
  ↷ 그러면 "decision-works-unchanged" assertion으로 "같은 대상의 독립 전후 원행을 비교한다. 조회/거부 감사의 추가는 별도 허용한다."를 확인한다                              # org.mulino.verification.ScenarioGlue.assertion(java.lang.String,java.lang.String)
  ↷ 그러면 "decision-assignments-unchanged" assertion으로 "같은 대상의 독립 전후 원행을 비교한다. 조회/거부 감사의 추가는 별도 허용한다."를 확인한다                        # org.mulino.verification.ScenarioGlue.assertion(java.lang.String,java.lang.String)
  ↷ 그러면 "decision-obligations-unchanged" assertion으로 "같은 대상의 독립 전후 원행을 비교한다. 조회/거부 감사의 추가는 별도 허용한다."를 확인한다                        # org.mulino.verification.ScenarioGlue.assertion(java.lang.String,java.lang.String)
  ↷ 그러면 "decision-outbox-unchanged" assertion으로 "같은 대상의 독립 전후 원행을 비교한다. 조회/거부 감사의 추가는 별도 허용한다."를 확인한다                             # org.mulino.verification.ScenarioGlue.assertion(java.lang.String,java.lang.String)
  ↷ 그러면 "decision-denial-audit" assertion으로 "긴급 재배정·해소·면제의 근거와 권한 ordinary-emergency. emergency-evidence의 독립 고정 기대값을 대조한다."를 확인한다 # org.mulino.verification.ScenarioGlue.assertion(java.lang.String,java.lang.String)

@T10 @D10 @sit @uat
시나리오: 긴급 재배정·해소·면제의 근거와 권한 reason-missing                                                                                     # target/work-51-input/verification/cases/T10/scenario.feature:305
  ✔ 먼저 사례 파일 "verification/cases/T10/case.json"의 "reason-missing"를 준비한다                                                       # org.mulino.verification.ScenarioGlue.prepare(java.lang.String,java.lang.String)
  ✔ 만일 "시스템" 역할이 "setup" 행동을 수행한다                                                                                             # org.mulino.verification.ScenarioGlue.action(java.lang.String,java.lang.String)
  ✔ 만일 "A" 역할이 "before-db-snapshot" 행동을 수행한다                                                                                  # org.mulino.verification.ScenarioGlue.action(java.lang.String,java.lang.String)
  ✔ 만일 "시스템" 역할이 "before-db" 행동을 수행한다                                                                                         # org.mulino.verification.ScenarioGlue.action(java.lang.String,java.lang.String)
  ✔ 만일 "admin" 역할이 "decision" 행동을 수행한다                                                                                        # org.mulino.verification.ScenarioGlue.action(java.lang.String,java.lang.String)
  ✔ 만일 "A" 역할이 "after-db-snapshot" 행동을 수행한다                                                                                   # org.mulino.verification.ScenarioGlue.action(java.lang.String,java.lang.String)
  ✔ 만일 "시스템" 역할이 "after-db" 행동을 수행한다                                                                                          # org.mulino.verification.ScenarioGlue.action(java.lang.String,java.lang.String)
  ✘ 그러면 "decision-outcome" assertion으로 "긴급 재배정·해소·면제의 근거와 권한 reason-missing. emergency-evidence의 독립 고정 기대값을 대조한다."를 확인한다      # org.mulino.verification.ScenarioGlue.assertion(java.lang.String,java.lang.String)
        java.lang.AssertionError: source decision is NOT_IMPLEMENTED: NOT_IMPLEMENTED: no real product adapters installed
                at org.mulino.verification.AssertionEngine.fail(AssertionEngine.java:138)
                at org.mulino.verification.AssertionEngine.require(AssertionEngine.java:137)
                at org.mulino.verification.AssertionEngine.requireExecuted(AssertionEngine.java:77)
                at org.mulino.verification.AssertionEngine.requireSourcesAvailable(AssertionEngine.java:68)
                at org.mulino.verification.CaseRunner.assertId(CaseRunner.java:151)
                at org.mulino.verification.ScenarioGlue.assertion(ScenarioGlue.java:26)
                at ✽."decision-outcome" assertion으로 "긴급 재배정·해소·면제의 근거와 권한 reason-missing. emergency-evidence의 독립 고정 기대값을 대조한다."를 확인한다(file:///Volumes/VideoStore/Developer/mulino-ontology-step2-wire-async/verification/harness/target/work-51-input/verification/cases/T10/scenario.feature:313)
  ↷ 그러면 "decision-works-unchanged" assertion으로 "같은 대상의 독립 전후 원행을 비교한다. 조회/거부 감사의 추가는 별도 허용한다."를 확인한다                          # org.mulino.verification.ScenarioGlue.assertion(java.lang.String,java.lang.String)
  ↷ 그러면 "decision-assignments-unchanged" assertion으로 "같은 대상의 독립 전후 원행을 비교한다. 조회/거부 감사의 추가는 별도 허용한다."를 확인한다                    # org.mulino.verification.ScenarioGlue.assertion(java.lang.String,java.lang.String)
  ↷ 그러면 "decision-obligations-unchanged" assertion으로 "같은 대상의 독립 전후 원행을 비교한다. 조회/거부 감사의 추가는 별도 허용한다."를 확인한다                    # org.mulino.verification.ScenarioGlue.assertion(java.lang.String,java.lang.String)
  ↷ 그러면 "decision-outbox-unchanged" assertion으로 "같은 대상의 독립 전후 원행을 비교한다. 조회/거부 감사의 추가는 별도 허용한다."를 확인한다                         # org.mulino.verification.ScenarioGlue.assertion(java.lang.String,java.lang.String)
  ↷ 그러면 "decision-denial-audit" assertion으로 "긴급 재배정·해소·면제의 근거와 권한 reason-missing. emergency-evidence의 독립 고정 기대값을 대조한다."를 확인한다 # org.mulino.verification.ScenarioGlue.assertion(java.lang.String,java.lang.String)

@T10 @D10 @sit @uat
시나리오: 긴급 재배정·해소·면제의 근거와 권한 resolve-no-proof                                                                                          # target/work-51-input/verification/cases/T10/scenario.feature:320
  ✔ 먼저 사례 파일 "verification/cases/T10/case.json"의 "resolve-no-proof"를 준비한다                                                            # org.mulino.verification.ScenarioGlue.prepare(java.lang.String,java.lang.String)
  ✔ 만일 "시스템" 역할이 "setup" 행동을 수행한다                                                                                                    # org.mulino.verification.ScenarioGlue.action(java.lang.String,java.lang.String)
  ✔ 만일 "A" 역할이 "before-db-snapshot" 행동을 수행한다                                                                                         # org.mulino.verification.ScenarioGlue.action(java.lang.String,java.lang.String)
  ✔ 만일 "시스템" 역할이 "before-db" 행동을 수행한다                                                                                                # org.mulino.verification.ScenarioGlue.action(java.lang.String,java.lang.String)
  ✔ 만일 "A" 역할이 "decision" 행동을 수행한다                                                                                                   # org.mulino.verification.ScenarioGlue.action(java.lang.String,java.lang.String)
  ✔ 만일 "A" 역할이 "after-db-snapshot" 행동을 수행한다                                                                                          # org.mulino.verification.ScenarioGlue.action(java.lang.String,java.lang.String)
  ✔ 만일 "시스템" 역할이 "after-db" 행동을 수행한다                                                                                                 # org.mulino.verification.ScenarioGlue.action(java.lang.String,java.lang.String)
  ✘ 그러면 "decision-outcome" assertion으로 "긴급 재배정·해소·면제의 근거와 권한 resolve-no-proof. unauthorized-resolution의 독립 고정 기대값을 대조한다."를 확인한다      # org.mulino.verification.ScenarioGlue.assertion(java.lang.String,java.lang.String)
        java.lang.AssertionError: source decision is NOT_IMPLEMENTED: NOT_IMPLEMENTED: no real product adapters installed
                at org.mulino.verification.AssertionEngine.fail(AssertionEngine.java:138)
                at org.mulino.verification.AssertionEngine.require(AssertionEngine.java:137)
                at org.mulino.verification.AssertionEngine.requireExecuted(AssertionEngine.java:77)
                at org.mulino.verification.AssertionEngine.requireSourcesAvailable(AssertionEngine.java:68)
                at org.mulino.verification.CaseRunner.assertId(CaseRunner.java:151)
                at org.mulino.verification.ScenarioGlue.assertion(ScenarioGlue.java:26)
                at ✽."decision-outcome" assertion으로 "긴급 재배정·해소·면제의 근거와 권한 resolve-no-proof. unauthorized-resolution의 독립 고정 기대값을 대조한다."를 확인한다(file:///Volumes/VideoStore/Developer/mulino-ontology-step2-wire-async/verification/harness/target/work-51-input/verification/cases/T10/scenario.feature:328)
  ↷ 그러면 "decision-works-unchanged" assertion으로 "같은 대상의 독립 전후 원행을 비교한다. 조회/거부 감사의 추가는 별도 허용한다."를 확인한다                                 # org.mulino.verification.ScenarioGlue.assertion(java.lang.String,java.lang.String)
  ↷ 그러면 "decision-assignments-unchanged" assertion으로 "같은 대상의 독립 전후 원행을 비교한다. 조회/거부 감사의 추가는 별도 허용한다."를 확인한다                           # org.mulino.verification.ScenarioGlue.assertion(java.lang.String,java.lang.String)
  ↷ 그러면 "decision-obligations-unchanged" assertion으로 "같은 대상의 독립 전후 원행을 비교한다. 조회/거부 감사의 추가는 별도 허용한다."를 확인한다                           # org.mulino.verification.ScenarioGlue.assertion(java.lang.String,java.lang.String)
  ↷ 그러면 "decision-outbox-unchanged" assertion으로 "같은 대상의 독립 전후 원행을 비교한다. 조회/거부 감사의 추가는 별도 허용한다."를 확인한다                                # org.mulino.verification.ScenarioGlue.assertion(java.lang.String,java.lang.String)
  ↷ 그러면 "decision-denial-audit" assertion으로 "긴급 재배정·해소·면제의 근거와 권한 resolve-no-proof. unauthorized-resolution의 독립 고정 기대값을 대조한다."를 확인한다 # org.mulino.verification.ScenarioGlue.assertion(java.lang.String,java.lang.String)

@T10 @D10 @sit @uat
시나리오: 긴급 재배정·해소·면제의 근거와 권한 waive-wrong-authority                                                                                      # target/work-51-input/verification/cases/T10/scenario.feature:335
  ✔ 먼저 사례 파일 "verification/cases/T10/case.json"의 "waive-wrong-authority"를 준비한다                                                        # org.mulino.verification.ScenarioGlue.prepare(java.lang.String,java.lang.String)
  ✔ 만일 "시스템" 역할이 "setup" 행동을 수행한다                                                                                                     # org.mulino.verification.ScenarioGlue.action(java.lang.String,java.lang.String)
  ✔ 만일 "A" 역할이 "before-db-snapshot" 행동을 수행한다                                                                                          # org.mulino.verification.ScenarioGlue.action(java.lang.String,java.lang.String)
  ✔ 만일 "시스템" 역할이 "before-db" 행동을 수행한다                                                                                                 # org.mulino.verification.ScenarioGlue.action(java.lang.String,java.lang.String)
  ✔ 만일 "A" 역할이 "decision" 행동을 수행한다                                                                                                    # org.mulino.verification.ScenarioGlue.action(java.lang.String,java.lang.String)
  ✔ 만일 "A" 역할이 "after-db-snapshot" 행동을 수행한다                                                                                           # org.mulino.verification.ScenarioGlue.action(java.lang.String,java.lang.String)
  ✔ 만일 "시스템" 역할이 "after-db" 행동을 수행한다                                                                                                  # org.mulino.verification.ScenarioGlue.action(java.lang.String,java.lang.String)
  ✘ 그러면 "decision-outcome" assertion으로 "긴급 재배정·해소·면제의 근거와 권한 waive-wrong-authority. unauthorized-waiver의 독립 고정 기대값을 대조한다."를 확인한다      # org.mulino.verification.ScenarioGlue.assertion(java.lang.String,java.lang.String)
        java.lang.AssertionError: source decision is NOT_IMPLEMENTED: NOT_IMPLEMENTED: no real product adapters installed
                at org.mulino.verification.AssertionEngine.fail(AssertionEngine.java:138)
                at org.mulino.verification.AssertionEngine.require(AssertionEngine.java:137)
                at org.mulino.verification.AssertionEngine.requireExecuted(AssertionEngine.java:77)
                at org.mulino.verification.AssertionEngine.requireSourcesAvailable(AssertionEngine.java:68)
                at org.mulino.verification.CaseRunner.assertId(CaseRunner.java:151)
                at org.mulino.verification.ScenarioGlue.assertion(ScenarioGlue.java:26)
                at ✽."decision-outcome" assertion으로 "긴급 재배정·해소·면제의 근거와 권한 waive-wrong-authority. unauthorized-waiver의 독립 고정 기대값을 대조한다."를 확인한다(file:///Volumes/VideoStore/Developer/mulino-ontology-step2-wire-async/verification/harness/target/work-51-input/verification/cases/T10/scenario.feature:343)
  ↷ 그러면 "decision-works-unchanged" assertion으로 "같은 대상의 독립 전후 원행을 비교한다. 조회/거부 감사의 추가는 별도 허용한다."를 확인한다                                  # org.mulino.verification.ScenarioGlue.assertion(java.lang.String,java.lang.String)
  ↷ 그러면 "decision-assignments-unchanged" assertion으로 "같은 대상의 독립 전후 원행을 비교한다. 조회/거부 감사의 추가는 별도 허용한다."를 확인한다                            # org.mulino.verification.ScenarioGlue.assertion(java.lang.String,java.lang.String)
  ↷ 그러면 "decision-obligations-unchanged" assertion으로 "같은 대상의 독립 전후 원행을 비교한다. 조회/거부 감사의 추가는 별도 허용한다."를 확인한다                            # org.mulino.verification.ScenarioGlue.assertion(java.lang.String,java.lang.String)
  ↷ 그러면 "decision-outbox-unchanged" assertion으로 "같은 대상의 독립 전후 원행을 비교한다. 조회/거부 감사의 추가는 별도 허용한다."를 확인한다                                 # org.mulino.verification.ScenarioGlue.assertion(java.lang.String,java.lang.String)
  ↷ 그러면 "decision-denial-audit" assertion으로 "긴급 재배정·해소·면제의 근거와 권한 waive-wrong-authority. unauthorized-waiver의 독립 고정 기대값을 대조한다."를 확인한다 # org.mulino.verification.ScenarioGlue.assertion(java.lang.String,java.lang.String)

@T11 @D11 @sit @uat
시나리오: 자식 종료·부족10 이전 뒤에도 부모90은100 충족이 아니다 CANCELLED                                                                                             # target/work-51-input/verification/cases/T11/scenario.feature:5
  ✔ 먼저 사례 파일 "verification/cases/T11/case.json"의 "parent90-cancelled"를 준비한다                                                                    # org.mulino.verification.ScenarioGlue.prepare(java.lang.String,java.lang.String)
  ✔ 만일 "시스템" 역할이 "setup" 행동을 수행한다                                                                                                              # org.mulino.verification.ScenarioGlue.action(java.lang.String,java.lang.String)
  ✔ 만일 "A" 역할이 "parent" 행동을 수행한다                                                                                                               # org.mulino.verification.ScenarioGlue.action(java.lang.String,java.lang.String)
  ✔ 만일 "A" 역할이 "child30" 행동을 수행한다                                                                                                              # org.mulino.verification.ScenarioGlue.action(java.lang.String,java.lang.String)
  ✔ 만일 "A" 역할이 "child60" 행동을 수행한다                                                                                                              # org.mulino.verification.ScenarioGlue.action(java.lang.String,java.lang.String)
  ✔ 만일 "A" 역할이 "receive90" 행동을 수행한다                                                                                                            # org.mulino.verification.ScenarioGlue.action(java.lang.String,java.lang.String)
  ✔ 만일 "A" 역할이 "child30-link" 행동을 수행한다                                                                                                         # org.mulino.verification.ScenarioGlue.action(java.lang.String,java.lang.String)
  ✔ 만일 "A" 역할이 "child30-assessment" 행동을 수행한다                                                                                                   # org.mulino.verification.ScenarioGlue.action(java.lang.String,java.lang.String)
  ✔ 만일 "A" 역할이 "child30-close" 행동을 수행한다                                                                                                        # org.mulino.verification.ScenarioGlue.action(java.lang.String,java.lang.String)
  ✔ 만일 "A" 역할이 "child60-link" 행동을 수행한다                                                                                                         # org.mulino.verification.ScenarioGlue.action(java.lang.String,java.lang.String)
  ✔ 만일 "A" 역할이 "child60-assessment" 행동을 수행한다                                                                                                   # org.mulino.verification.ScenarioGlue.action(java.lang.String,java.lang.String)
  ✔ 만일 "A" 역할이 "child60-close" 행동을 수행한다                                                                                                        # org.mulino.verification.ScenarioGlue.action(java.lang.String,java.lang.String)
  ✔ 만일 "A" 역할이 "parent-assessment" 행동을 수행한다                                                                                                    # org.mulino.verification.ScenarioGlue.action(java.lang.String,java.lang.String)
  ✔ 만일 "A" 역할이 "before-transfer-db-snapshot" 행동을 수행한다                                                                                          # org.mulino.verification.ScenarioGlue.action(java.lang.String,java.lang.String)
  ✔ 만일 "시스템" 역할이 "before-transfer-db" 행동을 수행한다                                                                                                 # org.mulino.verification.ScenarioGlue.action(java.lang.String,java.lang.String)
  ✔ 만일 "A" 역할이 "followup" 행동을 수행한다                                                                                                             # org.mulino.verification.ScenarioGlue.action(java.lang.String,java.lang.String)
  ✔ 만일 "A" 역할이 "deficit-transfer" 행동을 수행한다                                                                                                     # org.mulino.verification.ScenarioGlue.action(java.lang.String,java.lang.String)
  ✔ 만일 "A" 역할이 "before-false-close-db-snapshot" 행동을 수행한다                                                                                       # org.mulino.verification.ScenarioGlue.action(java.lang.String,java.lang.String)
  ✔ 만일 "시스템" 역할이 "before-false-close-db" 행동을 수행한다                                                                                              # org.mulino.verification.ScenarioGlue.action(java.lang.String,java.lang.String)
  ✔ 만일 "A" 역할이 "false-close" 행동을 수행한다                                                                                                          # org.mulino.verification.ScenarioGlue.action(java.lang.String,java.lang.String)
  ✔ 만일 "A" 역할이 "rejected-db-snapshot" 행동을 수행한다                                                                                                 # org.mulino.verification.ScenarioGlue.action(java.lang.String,java.lang.String)
  ✔ 만일 "시스템" 역할이 "rejected-db" 행동을 수행한다                                                                                                        # org.mulino.verification.ScenarioGlue.action(java.lang.String,java.lang.String)
  ✔ 만일 "A" 역할이 "alternative-close" 행동을 수행한다                                                                                                    # org.mulino.verification.ScenarioGlue.action(java.lang.String,java.lang.String)
  ✔ 만일 "A" 역할이 "after-db-snapshot" 행동을 수행한다                                                                                                    # org.mulino.verification.ScenarioGlue.action(java.lang.String,java.lang.String)
  ✔ 만일 "시스템" 역할이 "after-db" 행동을 수행한다                                                                                                           # org.mulino.verification.ScenarioGlue.action(java.lang.String,java.lang.String)
  ✘ 그러면 "false-close-outcome" assertion으로 "자식 종료·부족10 이전 뒤에도 부모90은100 충족이 아니다 CANCELLED. false-fulfilled-closure의 독립 고정 기대값을 대조한다."를 확인한다      # org.mulino.verification.ScenarioGlue.assertion(java.lang.String,java.lang.String)
        java.lang.AssertionError: source false-close is NOT_IMPLEMENTED: NOT_IMPLEMENTED: no real product adapters installed
                at org.mulino.verification.AssertionEngine.fail(AssertionEngine.java:138)
                at org.mulino.verification.AssertionEngine.require(AssertionEngine.java:137)
                at org.mulino.verification.AssertionEngine.requireExecuted(AssertionEngine.java:77)
                at org.mulino.verification.AssertionEngine.requireSourcesAvailable(AssertionEngine.java:68)
                at org.mulino.verification.CaseRunner.assertId(CaseRunner.java:151)
                at org.mulino.verification.ScenarioGlue.assertion(ScenarioGlue.java:26)
                at ✽."false-close-outcome" assertion으로 "자식 종료·부족10 이전 뒤에도 부모90은100 충족이 아니다 CANCELLED. false-fulfilled-closure의 독립 고정 기대값을 대조한다."를 확인한다(file:///Volumes/VideoStore/Developer/mulino-ontology-step2-wire-async/verification/harness/target/work-51-input/verification/cases/T11/scenario.feature:31)
  ↷ 그러면 "false-close-movements-unchanged" assertion으로 "같은 대상의 독립 전후 원행을 비교한다. 조회/거부 감사의 추가는 별도 허용한다."를 확인한다                                    # org.mulino.verification.ScenarioGlue.assertion(java.lang.String,java.lang.String)
  ↷ 그러면 "false-close-approvals-unchanged" assertion으로 "같은 대상의 독립 전후 원행을 비교한다. 조회/거부 감사의 추가는 별도 허용한다."를 확인한다                                    # org.mulino.verification.ScenarioGlue.assertion(java.lang.String,java.lang.String)
  ↷ 그러면 "false-close-outbox-unchanged" assertion으로 "같은 대상의 독립 전후 원행을 비교한다. 조회/거부 감사의 추가는 별도 허용한다."를 확인한다                                       # org.mulino.verification.ScenarioGlue.assertion(java.lang.String,java.lang.String)
  ↷ 그러면 "false-close-denial-audit" assertion으로 "자식 종료·부족10 이전 뒤에도 부모90은100 충족이 아니다 CANCELLED. false-fulfilled-closure의 독립 고정 기대값을 대조한다."를 확인한다 # org.mulino.verification.ScenarioGlue.assertion(java.lang.String,java.lang.String)
  ↷ 그러면 "parent-still-active" assertion으로 "자식 종료·부족10 이전 뒤에도 부모90은100 충족이 아니다 CANCELLED. false-fulfilled-closure의 독립 고정 기대값을 대조한다."를 확인한다      # org.mulino.verification.ScenarioGlue.assertion(java.lang.String,java.lang.String)
  ↷ 그러면 "parent-contribution90" assertion으로 "자식 종료·부족10 이전 뒤에도 부모90은100 충족이 아니다 CANCELLED. parent-contribution의 독립 고정 기대값을 대조한다."를 확인한다        # org.mulino.verification.ScenarioGlue.assertion(java.lang.String,java.lang.String)
  ↷ 그러면 "parent-assessment-api-result" assertion으로 "자식 종료·부족10 이전 뒤에도 부모90은100 충족이 아니다 CANCELLED. parent-assessment의 독립 고정 기대값을 대조한다."를 확인한다   # org.mulino.verification.ScenarioGlue.assertion(java.lang.String,java.lang.String)
  ↷ 그러면 "parent-assessment-db-result" assertion으로 "자식 종료·부족10 이전 뒤에도 부모90은100 충족이 아니다 CANCELLED. parent-assessment의 독립 고정 기대값을 대조한다."를 확인한다    # org.mulino.verification.ScenarioGlue.assertion(java.lang.String,java.lang.String)
  ↷ 그러면 "alternative-applied" assertion으로 "자식 종료·부족10 이전 뒤에도 부모90은100 충족이 아니다 CANCELLED. alternative-close의 독립 고정 기대값을 대조한다."를 확인한다            # org.mulino.verification.ScenarioGlue.assertion(java.lang.String,java.lang.String)
  ↷ 그러면 "alternative-reason" assertion으로 "자식 종료·부족10 이전 뒤에도 부모90은100 충족이 아니다 CANCELLED. alternative-close의 독립 고정 기대값을 대조한다."를 확인한다             # org.mulino.verification.ScenarioGlue.assertion(java.lang.String,java.lang.String)
  ↷ 그러면 "unsatisfied-assessment-preserved" assertion으로 "같은 대상의 독립 전후 원행을 비교한다. 조회/거부 감사의 추가는 별도 허용한다."를 확인한다                                   # org.mulino.verification.ScenarioGlue.assertion(java.lang.String,java.lang.String)
  ↷ 그러면 "successor-owner-one" assertion으로 "자식 종료·부족10 이전 뒤에도 부모90은100 충족이 아니다 CANCELLED. alternative-close의 독립 고정 기대값을 대조한다."를 확인한다            # org.mulino.verification.ScenarioGlue.assertion(java.lang.String,java.lang.String)
  ↷ 그러면 "successor-owner-owner" assertion으로 "자식 종료·부족10 이전 뒤에도 부모90은100 충족이 아니다 CANCELLED. alternative-close의 독립 고정 기대값을 대조한다."를 확인한다          # org.mulino.verification.ScenarioGlue.assertion(java.lang.String,java.lang.String)
  ↷ 그러면 "successor-owner-next-action" assertion으로 "자식 종료·부족10 이전 뒤에도 부모90은100 충족이 아니다 CANCELLED. alternative-close의 독립 고정 기대값을 대조한다."를 확인한다    # org.mulino.verification.ScenarioGlue.assertion(java.lang.String,java.lang.String)
  ↷ 그러면 "successor-owner-next-check" assertion으로 "자식 종료·부족10 이전 뒤에도 부모90은100 충족이 아니다 CANCELLED. alternative-close의 독립 고정 기대값을 대조한다."를 확인한다     # org.mulino.verification.ScenarioGlue.assertion(java.lang.String,java.lang.String)

@T11 @D11 @sit @uat
시나리오: 자식 종료·부족10 이전 뒤에도 부모90은100 충족이 아니다 IMPOSSIBLE                                                                                             # target/work-51-input/verification/cases/T11/scenario.feature:48
  ✔ 먼저 사례 파일 "verification/cases/T11/case.json"의 "parent90-impossible"를 준비한다                                                                    # org.mulino.verification.ScenarioGlue.prepare(java.lang.String,java.lang.String)
  ✔ 만일 "시스템" 역할이 "setup" 행동을 수행한다                                                                                                               # org.mulino.verification.ScenarioGlue.action(java.lang.String,java.lang.String)
  ✔ 만일 "A" 역할이 "parent" 행동을 수행한다                                                                                                                # org.mulino.verification.ScenarioGlue.action(java.lang.String,java.lang.String)
  ✔ 만일 "A" 역할이 "child30" 행동을 수행한다                                                                                                               # org.mulino.verification.ScenarioGlue.action(java.lang.String,java.lang.String)
  ✔ 만일 "A" 역할이 "child60" 행동을 수행한다                                                                                                               # org.mulino.verification.ScenarioGlue.action(java.lang.String,java.lang.String)
  ✔ 만일 "A" 역할이 "receive90" 행동을 수행한다                                                                                                             # org.mulino.verification.ScenarioGlue.action(java.lang.String,java.lang.String)
  ✔ 만일 "A" 역할이 "child30-link" 행동을 수행한다                                                                                                          # org.mulino.verification.ScenarioGlue.action(java.lang.String,java.lang.String)
  ✔ 만일 "A" 역할이 "child30-assessment" 행동을 수행한다                                                                                                    # org.mulino.verification.ScenarioGlue.action(java.lang.String,java.lang.String)
  ✔ 만일 "A" 역할이 "child30-close" 행동을 수행한다                                                                                                         # org.mulino.verification.ScenarioGlue.action(java.lang.String,java.lang.String)
  ✔ 만일 "A" 역할이 "child60-link" 행동을 수행한다                                                                                                          # org.mulino.verification.ScenarioGlue.action(java.lang.String,java.lang.String)
  ✔ 만일 "A" 역할이 "child60-assessment" 행동을 수행한다                                                                                                    # org.mulino.verification.ScenarioGlue.action(java.lang.String,java.lang.String)
  ✔ 만일 "A" 역할이 "child60-close" 행동을 수행한다                                                                                                         # org.mulino.verification.ScenarioGlue.action(java.lang.String,java.lang.String)
  ✔ 만일 "A" 역할이 "parent-assessment" 행동을 수행한다                                                                                                     # org.mulino.verification.ScenarioGlue.action(java.lang.String,java.lang.String)
  ✔ 만일 "A" 역할이 "before-transfer-db-snapshot" 행동을 수행한다                                                                                           # org.mulino.verification.ScenarioGlue.action(java.lang.String,java.lang.String)
  ✔ 만일 "시스템" 역할이 "before-transfer-db" 행동을 수행한다                                                                                                  # org.mulino.verification.ScenarioGlue.action(java.lang.String,java.lang.String)
  ✔ 만일 "A" 역할이 "followup" 행동을 수행한다                                                                                                              # org.mulino.verification.ScenarioGlue.action(java.lang.String,java.lang.String)
  ✔ 만일 "A" 역할이 "deficit-transfer" 행동을 수행한다                                                                                                      # org.mulino.verification.ScenarioGlue.action(java.lang.String,java.lang.String)
  ✔ 만일 "A" 역할이 "before-false-close-db-snapshot" 행동을 수행한다                                                                                        # org.mulino.verification.ScenarioGlue.action(java.lang.String,java.lang.String)
  ✔ 만일 "시스템" 역할이 "before-false-close-db" 행동을 수행한다                                                                                               # org.mulino.verification.ScenarioGlue.action(java.lang.String,java.lang.String)
  ✔ 만일 "A" 역할이 "false-close" 행동을 수행한다                                                                                                           # org.mulino.verification.ScenarioGlue.action(java.lang.String,java.lang.String)
  ✔ 만일 "A" 역할이 "rejected-db-snapshot" 행동을 수행한다                                                                                                  # org.mulino.verification.ScenarioGlue.action(java.lang.String,java.lang.String)
  ✔ 만일 "시스템" 역할이 "rejected-db" 행동을 수행한다                                                                                                         # org.mulino.verification.ScenarioGlue.action(java.lang.String,java.lang.String)
  ✔ 만일 "A" 역할이 "alternative-close" 행동을 수행한다                                                                                                     # org.mulino.verification.ScenarioGlue.action(java.lang.String,java.lang.String)
  ✔ 만일 "A" 역할이 "after-db-snapshot" 행동을 수행한다                                                                                                     # org.mulino.verification.ScenarioGlue.action(java.lang.String,java.lang.String)
  ✔ 만일 "시스템" 역할이 "after-db" 행동을 수행한다                                                                                                            # org.mulino.verification.ScenarioGlue.action(java.lang.String,java.lang.String)
  ✘ 그러면 "false-close-outcome" assertion으로 "자식 종료·부족10 이전 뒤에도 부모90은100 충족이 아니다 IMPOSSIBLE. false-fulfilled-closure의 독립 고정 기대값을 대조한다."를 확인한다      # org.mulino.verification.ScenarioGlue.assertion(java.lang.String,java.lang.String)
        java.lang.AssertionError: source false-close is NOT_IMPLEMENTED: NOT_IMPLEMENTED: no real product adapters installed
                at org.mulino.verification.AssertionEngine.fail(AssertionEngine.java:138)
                at org.mulino.verification.AssertionEngine.require(AssertionEngine.java:137)
                at org.mulino.verification.AssertionEngine.requireExecuted(AssertionEngine.java:77)
                at org.mulino.verification.AssertionEngine.requireSourcesAvailable(AssertionEngine.java:68)
                at org.mulino.verification.CaseRunner.assertId(CaseRunner.java:151)
                at org.mulino.verification.ScenarioGlue.assertion(ScenarioGlue.java:26)
                at ✽."false-close-outcome" assertion으로 "자식 종료·부족10 이전 뒤에도 부모90은100 충족이 아니다 IMPOSSIBLE. false-fulfilled-closure의 독립 고정 기대값을 대조한다."를 확인한다(file:///Volumes/VideoStore/Developer/mulino-ontology-step2-wire-async/verification/harness/target/work-51-input/verification/cases/T11/scenario.feature:74)
  ↷ 그러면 "false-close-movements-unchanged" assertion으로 "같은 대상의 독립 전후 원행을 비교한다. 조회/거부 감사의 추가는 별도 허용한다."를 확인한다                                     # org.mulino.verification.ScenarioGlue.assertion(java.lang.String,java.lang.String)
  ↷ 그러면 "false-close-approvals-unchanged" assertion으로 "같은 대상의 독립 전후 원행을 비교한다. 조회/거부 감사의 추가는 별도 허용한다."를 확인한다                                     # org.mulino.verification.ScenarioGlue.assertion(java.lang.String,java.lang.String)
  ↷ 그러면 "false-close-outbox-unchanged" assertion으로 "같은 대상의 독립 전후 원행을 비교한다. 조회/거부 감사의 추가는 별도 허용한다."를 확인한다                                        # org.mulino.verification.ScenarioGlue.assertion(java.lang.String,java.lang.String)
  ↷ 그러면 "false-close-denial-audit" assertion으로 "자식 종료·부족10 이전 뒤에도 부모90은100 충족이 아니다 IMPOSSIBLE. false-fulfilled-closure의 독립 고정 기대값을 대조한다."를 확인한다 # org.mulino.verification.ScenarioGlue.assertion(java.lang.String,java.lang.String)
  ↷ 그러면 "parent-still-active" assertion으로 "자식 종료·부족10 이전 뒤에도 부모90은100 충족이 아니다 IMPOSSIBLE. false-fulfilled-closure의 독립 고정 기대값을 대조한다."를 확인한다      # org.mulino.verification.ScenarioGlue.assertion(java.lang.String,java.lang.String)
  ↷ 그러면 "parent-contribution90" assertion으로 "자식 종료·부족10 이전 뒤에도 부모90은100 충족이 아니다 IMPOSSIBLE. parent-contribution의 독립 고정 기대값을 대조한다."를 확인한다        # org.mulino.verification.ScenarioGlue.assertion(java.lang.String,java.lang.String)
  ↷ 그러면 "parent-assessment-api-result" assertion으로 "자식 종료·부족10 이전 뒤에도 부모90은100 충족이 아니다 IMPOSSIBLE. parent-assessment의 독립 고정 기대값을 대조한다."를 확인한다   # org.mulino.verification.ScenarioGlue.assertion(java.lang.String,java.lang.String)
  ↷ 그러면 "parent-assessment-db-result" assertion으로 "자식 종료·부족10 이전 뒤에도 부모90은100 충족이 아니다 IMPOSSIBLE. parent-assessment의 독립 고정 기대값을 대조한다."를 확인한다    # org.mulino.verification.ScenarioGlue.assertion(java.lang.String,java.lang.String)
  ↷ 그러면 "alternative-applied" assertion으로 "자식 종료·부족10 이전 뒤에도 부모90은100 충족이 아니다 IMPOSSIBLE. alternative-close의 독립 고정 기대값을 대조한다."를 확인한다            # org.mulino.verification.ScenarioGlue.assertion(java.lang.String,java.lang.String)
  ↷ 그러면 "alternative-reason" assertion으로 "자식 종료·부족10 이전 뒤에도 부모90은100 충족이 아니다 IMPOSSIBLE. alternative-close의 독립 고정 기대값을 대조한다."를 확인한다             # org.mulino.verification.ScenarioGlue.assertion(java.lang.String,java.lang.String)
  ↷ 그러면 "unsatisfied-assessment-preserved" assertion으로 "같은 대상의 독립 전후 원행을 비교한다. 조회/거부 감사의 추가는 별도 허용한다."를 확인한다                                    # org.mulino.verification.ScenarioGlue.assertion(java.lang.String,java.lang.String)
  ↷ 그러면 "successor-owner-one" assertion으로 "자식 종료·부족10 이전 뒤에도 부모90은100 충족이 아니다 IMPOSSIBLE. alternative-close의 독립 고정 기대값을 대조한다."를 확인한다            # org.mulino.verification.ScenarioGlue.assertion(java.lang.String,java.lang.String)
  ↷ 그러면 "successor-owner-owner" assertion으로 "자식 종료·부족10 이전 뒤에도 부모90은100 충족이 아니다 IMPOSSIBLE. alternative-close의 독립 고정 기대값을 대조한다."를 확인한다          # org.mulino.verification.ScenarioGlue.assertion(java.lang.String,java.lang.String)
  ↷ 그러면 "successor-owner-next-action" assertion으로 "자식 종료·부족10 이전 뒤에도 부모90은100 충족이 아니다 IMPOSSIBLE. alternative-close의 독립 고정 기대값을 대조한다."를 확인한다    # org.mulino.verification.ScenarioGlue.assertion(java.lang.String,java.lang.String)
  ↷ 그러면 "successor-owner-next-check" assertion으로 "자식 종료·부족10 이전 뒤에도 부모90은100 충족이 아니다 IMPOSSIBLE. alternative-close의 독립 고정 기대값을 대조한다."를 확인한다     # org.mulino.verification.ScenarioGlue.assertion(java.lang.String,java.lang.String)

@T11 @D11 @sit @uat
시나리오: 자식 종료·부족10 이전 뒤에도 부모90은100 충족이 아니다 SUPERSEDED                                                                                             # target/work-51-input/verification/cases/T11/scenario.feature:91
  ✔ 먼저 사례 파일 "verification/cases/T11/case.json"의 "parent90-superseded"를 준비한다                                                                    # org.mulino.verification.ScenarioGlue.prepare(java.lang.String,java.lang.String)
  ✔ 만일 "시스템" 역할이 "setup" 행동을 수행한다                                                                                                               # org.mulino.verification.ScenarioGlue.action(java.lang.String,java.lang.String)
  ✔ 만일 "A" 역할이 "parent" 행동을 수행한다                                                                                                                # org.mulino.verification.ScenarioGlue.action(java.lang.String,java.lang.String)
  ✔ 만일 "A" 역할이 "child30" 행동을 수행한다                                                                                                               # org.mulino.verification.ScenarioGlue.action(java.lang.String,java.lang.String)
  ✔ 만일 "A" 역할이 "child60" 행동을 수행한다                                                                                                               # org.mulino.verification.ScenarioGlue.action(java.lang.String,java.lang.String)
  ✔ 만일 "A" 역할이 "receive90" 행동을 수행한다                                                                                                             # org.mulino.verification.ScenarioGlue.action(java.lang.String,java.lang.String)
  ✔ 만일 "A" 역할이 "child30-link" 행동을 수행한다                                                                                                          # org.mulino.verification.ScenarioGlue.action(java.lang.String,java.lang.String)
  ✔ 만일 "A" 역할이 "child30-assessment" 행동을 수행한다                                                                                                    # org.mulino.verification.ScenarioGlue.action(java.lang.String,java.lang.String)
  ✔ 만일 "A" 역할이 "child30-close" 행동을 수행한다                                                                                                         # org.mulino.verification.ScenarioGlue.action(java.lang.String,java.lang.String)
  ✔ 만일 "A" 역할이 "child60-link" 행동을 수행한다                                                                                                          # org.mulino.verification.ScenarioGlue.action(java.lang.String,java.lang.String)
  ✔ 만일 "A" 역할이 "child60-assessment" 행동을 수행한다                                                                                                    # org.mulino.verification.ScenarioGlue.action(java.lang.String,java.lang.String)
  ✔ 만일 "A" 역할이 "child60-close" 행동을 수행한다                                                                                                         # org.mulino.verification.ScenarioGlue.action(java.lang.String,java.lang.String)
  ✔ 만일 "A" 역할이 "parent-assessment" 행동을 수행한다                                                                                                     # org.mulino.verification.ScenarioGlue.action(java.lang.String,java.lang.String)
  ✔ 만일 "A" 역할이 "before-transfer-db-snapshot" 행동을 수행한다                                                                                           # org.mulino.verification.ScenarioGlue.action(java.lang.String,java.lang.String)
  ✔ 만일 "시스템" 역할이 "before-transfer-db" 행동을 수행한다                                                                                                  # org.mulino.verification.ScenarioGlue.action(java.lang.String,java.lang.String)
  ✔ 만일 "A" 역할이 "followup" 행동을 수행한다                                                                                                              # org.mulino.verification.ScenarioGlue.action(java.lang.String,java.lang.String)
  ✔ 만일 "A" 역할이 "deficit-transfer" 행동을 수행한다                                                                                                      # org.mulino.verification.ScenarioGlue.action(java.lang.String,java.lang.String)
  ✔ 만일 "A" 역할이 "before-false-close-db-snapshot" 행동을 수행한다                                                                                        # org.mulino.verification.ScenarioGlue.action(java.lang.String,java.lang.String)
  ✔ 만일 "시스템" 역할이 "before-false-close-db" 행동을 수행한다                                                                                               # org.mulino.verification.ScenarioGlue.action(java.lang.String,java.lang.String)
  ✔ 만일 "A" 역할이 "false-close" 행동을 수행한다                                                                                                           # org.mulino.verification.ScenarioGlue.action(java.lang.String,java.lang.String)
  ✔ 만일 "A" 역할이 "rejected-db-snapshot" 행동을 수행한다                                                                                                  # org.mulino.verification.ScenarioGlue.action(java.lang.String,java.lang.String)
  ✔ 만일 "시스템" 역할이 "rejected-db" 행동을 수행한다                                                                                                         # org.mulino.verification.ScenarioGlue.action(java.lang.String,java.lang.String)
  ✔ 만일 "A" 역할이 "alternative-close" 행동을 수행한다                                                                                                     # org.mulino.verification.ScenarioGlue.action(java.lang.String,java.lang.String)
  ✔ 만일 "A" 역할이 "after-db-snapshot" 행동을 수행한다                                                                                                     # org.mulino.verification.ScenarioGlue.action(java.lang.String,java.lang.String)
  ✔ 만일 "시스템" 역할이 "after-db" 행동을 수행한다                                                                                                            # org.mulino.verification.ScenarioGlue.action(java.lang.String,java.lang.String)
  ✘ 그러면 "false-close-outcome" assertion으로 "자식 종료·부족10 이전 뒤에도 부모90은100 충족이 아니다 SUPERSEDED. false-fulfilled-closure의 독립 고정 기대값을 대조한다."를 확인한다      # org.mulino.verification.ScenarioGlue.assertion(java.lang.String,java.lang.String)
        java.lang.AssertionError: source false-close is NOT_IMPLEMENTED: NOT_IMPLEMENTED: no real product adapters installed
                at org.mulino.verification.AssertionEngine.fail(AssertionEngine.java:138)
                at org.mulino.verification.AssertionEngine.require(AssertionEngine.java:137)
                at org.mulino.verification.AssertionEngine.requireExecuted(AssertionEngine.java:77)
                at org.mulino.verification.AssertionEngine.requireSourcesAvailable(AssertionEngine.java:68)
                at org.mulino.verification.CaseRunner.assertId(CaseRunner.java:151)
                at org.mulino.verification.ScenarioGlue.assertion(ScenarioGlue.java:26)
                at ✽."false-close-outcome" assertion으로 "자식 종료·부족10 이전 뒤에도 부모90은100 충족이 아니다 SUPERSEDED. false-fulfilled-closure의 독립 고정 기대값을 대조한다."를 확인한다(file:///Volumes/VideoStore/Developer/mulino-ontology-step2-wire-async/verification/harness/target/work-51-input/verification/cases/T11/scenario.feature:117)
  ↷ 그러면 "false-close-movements-unchanged" assertion으로 "같은 대상의 독립 전후 원행을 비교한다. 조회/거부 감사의 추가는 별도 허용한다."를 확인한다                                     # org.mulino.verification.ScenarioGlue.assertion(java.lang.String,java.lang.String)
  ↷ 그러면 "false-close-approvals-unchanged" assertion으로 "같은 대상의 독립 전후 원행을 비교한다. 조회/거부 감사의 추가는 별도 허용한다."를 확인한다                                     # org.mulino.verification.ScenarioGlue.assertion(java.lang.String,java.lang.String)
  ↷ 그러면 "false-close-outbox-unchanged" assertion으로 "같은 대상의 독립 전후 원행을 비교한다. 조회/거부 감사의 추가는 별도 허용한다."를 확인한다                                        # org.mulino.verification.ScenarioGlue.assertion(java.lang.String,java.lang.String)
  ↷ 그러면 "false-close-denial-audit" assertion으로 "자식 종료·부족10 이전 뒤에도 부모90은100 충족이 아니다 SUPERSEDED. false-fulfilled-closure의 독립 고정 기대값을 대조한다."를 확인한다 # org.mulino.verification.ScenarioGlue.assertion(java.lang.String,java.lang.String)
  ↷ 그러면 "parent-still-active" assertion으로 "자식 종료·부족10 이전 뒤에도 부모90은100 충족이 아니다 SUPERSEDED. false-fulfilled-closure의 독립 고정 기대값을 대조한다."를 확인한다      # org.mulino.verification.ScenarioGlue.assertion(java.lang.String,java.lang.String)
  ↷ 그러면 "parent-contribution90" assertion으로 "자식 종료·부족10 이전 뒤에도 부모90은100 충족이 아니다 SUPERSEDED. parent-contribution의 독립 고정 기대값을 대조한다."를 확인한다        # org.mulino.verification.ScenarioGlue.assertion(java.lang.String,java.lang.String)
  ↷ 그러면 "parent-assessment-api-result" assertion으로 "자식 종료·부족10 이전 뒤에도 부모90은100 충족이 아니다 SUPERSEDED. parent-assessment의 독립 고정 기대값을 대조한다."를 확인한다   # org.mulino.verification.ScenarioGlue.assertion(java.lang.String,java.lang.String)
  ↷ 그러면 "parent-assessment-db-result" assertion으로 "자식 종료·부족10 이전 뒤에도 부모90은100 충족이 아니다 SUPERSEDED. parent-assessment의 독립 고정 기대값을 대조한다."를 확인한다    # org.mulino.verification.ScenarioGlue.assertion(java.lang.String,java.lang.String)
  ↷ 그러면 "alternative-applied" assertion으로 "자식 종료·부족10 이전 뒤에도 부모90은100 충족이 아니다 SUPERSEDED. alternative-close의 독립 고정 기대값을 대조한다."를 확인한다            # org.mulino.verification.ScenarioGlue.assertion(java.lang.String,java.lang.String)
  ↷ 그러면 "alternative-reason" assertion으로 "자식 종료·부족10 이전 뒤에도 부모90은100 충족이 아니다 SUPERSEDED. alternative-close의 독립 고정 기대값을 대조한다."를 확인한다             # org.mulino.verification.ScenarioGlue.assertion(java.lang.String,java.lang.String)
  ↷ 그러면 "unsatisfied-assessment-preserved" assertion으로 "같은 대상의 독립 전후 원행을 비교한다. 조회/거부 감사의 추가는 별도 허용한다."를 확인한다                                    # org.mulino.verification.ScenarioGlue.assertion(java.lang.String,java.lang.String)
  ↷ 그러면 "successor-owner-one" assertion으로 "자식 종료·부족10 이전 뒤에도 부모90은100 충족이 아니다 SUPERSEDED. alternative-close의 독립 고정 기대값을 대조한다."를 확인한다            # org.mulino.verification.ScenarioGlue.assertion(java.lang.String,java.lang.String)
  ↷ 그러면 "successor-owner-owner" assertion으로 "자식 종료·부족10 이전 뒤에도 부모90은100 충족이 아니다 SUPERSEDED. alternative-close의 독립 고정 기대값을 대조한다."를 확인한다          # org.mulino.verification.ScenarioGlue.assertion(java.lang.String,java.lang.String)
  ↷ 그러면 "successor-owner-next-action" assertion으로 "자식 종료·부족10 이전 뒤에도 부모90은100 충족이 아니다 SUPERSEDED. alternative-close의 독립 고정 기대값을 대조한다."를 확인한다    # org.mulino.verification.ScenarioGlue.assertion(java.lang.String,java.lang.String)
  ↷ 그러면 "successor-owner-next-check" assertion으로 "자식 종료·부족10 이전 뒤에도 부모90은100 충족이 아니다 SUPERSEDED. alternative-close의 독립 고정 기대값을 대조한다."를 확인한다     # org.mulino.verification.ScenarioGlue.assertion(java.lang.String,java.lang.String)

@T11 @D11 @sit @uat
시나리오: 업무 상태의 독립 판정 draft-cancel                                                                                               # target/work-51-input/verification/cases/T11/scenario.feature:134
  ✔ 먼저 사례 파일 "verification/cases/T11/case.json"의 "draft-cancel"를 준비한다                                                         # org.mulino.verification.ScenarioGlue.prepare(java.lang.String,java.lang.String)
  ✔ 만일 "시스템" 역할이 "setup" 행동을 수행한다                                                                                             # org.mulino.verification.ScenarioGlue.action(java.lang.String,java.lang.String)
  ✔ 만일 "A" 역할이 "before-db-snapshot" 행동을 수행한다                                                                                  # org.mulino.verification.ScenarioGlue.action(java.lang.String,java.lang.String)
  ✔ 만일 "시스템" 역할이 "before-db" 행동을 수행한다                                                                                         # org.mulino.verification.ScenarioGlue.action(java.lang.String,java.lang.String)
  ✔ 만일 "A" 역할이 "draft" 행동을 수행한다                                                                                               # org.mulino.verification.ScenarioGlue.action(java.lang.String,java.lang.String)
  ✔ 만일 "A" 역할이 "cancel" 행동을 수행한다                                                                                              # org.mulino.verification.ScenarioGlue.action(java.lang.String,java.lang.String)
  ✔ 만일 "A" 역할이 "after-db-snapshot" 행동을 수행한다                                                                                   # org.mulino.verification.ScenarioGlue.action(java.lang.String,java.lang.String)
  ✔ 만일 "시스템" 역할이 "after-db" 행동을 수행한다                                                                                          # org.mulino.verification.ScenarioGlue.action(java.lang.String,java.lang.String)
  ✘ 그러면 "draft-cancel-applied" assertion으로 "업무 상태의 독립 판정 draft-cancel. cancel-draft-physical-effects의 독립 고정 기대값을 대조한다."를 확인한다 # org.mulino.verification.ScenarioGlue.assertion(java.lang.String,java.lang.String)
        java.lang.AssertionError: source cancel is NOT_IMPLEMENTED: NOT_IMPLEMENTED: no real product adapters installed
                at org.mulino.verification.AssertionEngine.fail(AssertionEngine.java:138)
                at org.mulino.verification.AssertionEngine.require(AssertionEngine.java:137)
                at org.mulino.verification.AssertionEngine.requireExecuted(AssertionEngine.java:77)
                at org.mulino.verification.AssertionEngine.requireSourcesAvailable(AssertionEngine.java:68)
                at org.mulino.verification.CaseRunner.assertId(CaseRunner.java:151)
                at org.mulino.verification.ScenarioGlue.assertion(ScenarioGlue.java:26)
                at ✽."draft-cancel-applied" assertion으로 "업무 상태의 독립 판정 draft-cancel. cancel-draft-physical-effects의 독립 고정 기대값을 대조한다."를 확인한다(file:///Volumes/VideoStore/Developer/mulino-ontology-step2-wire-async/verification/harness/target/work-51-input/verification/cases/T11/scenario.feature:143)
  ↷ 그러면 "draft-cancelled" assertion으로 "업무 상태의 독립 판정 draft-cancel. cancel-draft-physical-effects의 독립 고정 기대값을 대조한다."를 확인한다      # org.mulino.verification.ScenarioGlue.assertion(java.lang.String,java.lang.String)
  ↷ 그러면 "movements-no-effect" assertion으로 "같은 대상의 독립 전후 원행을 비교한다. 조회/거부 감사의 추가는 별도 허용한다."를 확인한다                               # org.mulino.verification.ScenarioGlue.assertion(java.lang.String,java.lang.String)
  ↷ 그러면 "contributions-no-effect" assertion으로 "같은 대상의 독립 전후 원행을 비교한다. 조회/거부 감사의 추가는 별도 허용한다."를 확인한다                           # org.mulino.verification.ScenarioGlue.assertion(java.lang.String,java.lang.String)
  ↷ 그러면 "approvals-no-effect" assertion으로 "같은 대상의 독립 전후 원행을 비교한다. 조회/거부 감사의 추가는 별도 허용한다."를 확인한다                               # org.mulino.verification.ScenarioGlue.assertion(java.lang.String,java.lang.String)
  ↷ 그러면 "outbox-no-effect" assertion으로 "같은 대상의 독립 전후 원행을 비교한다. 조회/거부 감사의 추가는 별도 허용한다."를 확인한다                                  # org.mulino.verification.ScenarioGlue.assertion(java.lang.String,java.lang.String)

@T11 @D11 @sit @uat
시나리오: 업무 상태의 독립 판정 wait-timeout                                                                                                      # target/work-51-input/verification/cases/T11/scenario.feature:150
  ✔ 먼저 사례 파일 "verification/cases/T11/case.json"의 "wait-timeout"를 준비한다                                                                # org.mulino.verification.ScenarioGlue.prepare(java.lang.String,java.lang.String)
  ✔ 만일 "시스템" 역할이 "setup" 행동을 수행한다                                                                                                    # org.mulino.verification.ScenarioGlue.action(java.lang.String,java.lang.String)
  ✔ 만일 "A" 역할이 "before-db-snapshot" 행동을 수행한다                                                                                         # org.mulino.verification.ScenarioGlue.action(java.lang.String,java.lang.String)
  ✔ 만일 "시스템" 역할이 "before-db" 행동을 수행한다                                                                                                # org.mulino.verification.ScenarioGlue.action(java.lang.String,java.lang.String)
  ✔ 만일 "A" 역할이 "wait" 행동을 수행한다                                                                                                       # org.mulino.verification.ScenarioGlue.action(java.lang.String,java.lang.String)
  ✔ 만일 "시스템" 역할이 "advance" 행동을 수행한다                                                                                                  # org.mulino.verification.ScenarioGlue.action(java.lang.String,java.lang.String)
  ✔ 만일 "시스템" 역할이 "due-wait-advance" 행동을 수행한다                                                                                         # org.mulino.verification.ScenarioGlue.action(java.lang.String,java.lang.String)
  ✔ 만일 "시스템" 역할이 "due-wait" 행동을 수행한다                                                                                                 # org.mulino.verification.ScenarioGlue.action(java.lang.String,java.lang.String)
  ✔ 만일 "시스템" 역할이 "due-wait-terminal" 행동을 수행한다                                                                                        # org.mulino.verification.ScenarioGlue.action(java.lang.String,java.lang.String)
  ✔ 만일 "A" 역할이 "resume-without-proof" 행동을 수행한다                                                                                       # org.mulino.verification.ScenarioGlue.action(java.lang.String,java.lang.String)
  ✔ 만일 "A" 역할이 "after-db-snapshot" 행동을 수행한다                                                                                          # org.mulino.verification.ScenarioGlue.action(java.lang.String,java.lang.String)
  ✔ 만일 "시스템" 역할이 "after-db" 행동을 수행한다                                                                                                 # org.mulino.verification.ScenarioGlue.action(java.lang.String,java.lang.String)
  ✘ 그러면 "resume-denied" assertion으로 "업무 상태의 독립 판정 wait-timeout. timeout-generated-arrival-or-approval의 독립 고정 기대값을 대조한다."를 확인한다       # org.mulino.verification.ScenarioGlue.assertion(java.lang.String,java.lang.String)
        java.lang.AssertionError: source resume-without-proof is NOT_IMPLEMENTED: NOT_IMPLEMENTED: no real product adapters installed
                at org.mulino.verification.AssertionEngine.fail(AssertionEngine.java:138)
                at org.mulino.verification.AssertionEngine.require(AssertionEngine.java:137)
                at org.mulino.verification.AssertionEngine.requireExecuted(AssertionEngine.java:77)
                at org.mulino.verification.AssertionEngine.requireSourcesAvailable(AssertionEngine.java:68)
                at org.mulino.verification.CaseRunner.assertId(CaseRunner.java:151)
                at org.mulino.verification.ScenarioGlue.assertion(ScenarioGlue.java:26)
                at ✽."resume-denied" assertion으로 "업무 상태의 독립 판정 wait-timeout. timeout-generated-arrival-or-approval의 독립 고정 기대값을 대조한다."를 확인한다(file:///Volumes/VideoStore/Developer/mulino-ontology-step2-wire-async/verification/harness/target/work-51-input/verification/cases/T11/scenario.feature:163)
  ↷ 그러면 "wait-remains" assertion으로 "업무 상태의 독립 판정 wait-timeout. timeout-generated-arrival-or-approval의 독립 고정 기대값을 대조한다."를 확인한다        # org.mulino.verification.ScenarioGlue.assertion(java.lang.String,java.lang.String)
  ↷ 그러면 "no-satisfied-result" assertion으로 "업무 상태의 독립 판정 wait-timeout. timeout-generated-arrival-or-approval의 독립 고정 기대값을 대조한다."를 확인한다 # org.mulino.verification.ScenarioGlue.assertion(java.lang.String,java.lang.String)
  ↷ 그러면 "movements-no-effect" assertion으로 "같은 대상의 독립 전후 원행을 비교한다. 조회/거부 감사의 추가는 별도 허용한다."를 확인한다                                      # org.mulino.verification.ScenarioGlue.assertion(java.lang.String,java.lang.String)
  ↷ 그러면 "contributions-no-effect" assertion으로 "같은 대상의 독립 전후 원행을 비교한다. 조회/거부 감사의 추가는 별도 허용한다."를 확인한다                                  # org.mulino.verification.ScenarioGlue.assertion(java.lang.String,java.lang.String)
  ↷ 그러면 "approvals-no-effect" assertion으로 "같은 대상의 독립 전후 원행을 비교한다. 조회/거부 감사의 추가는 별도 허용한다."를 확인한다                                      # org.mulino.verification.ScenarioGlue.assertion(java.lang.String,java.lang.String)

@T11 @D11 @sit @uat
시나리오: 업무 상태의 독립 판정 unsupported-evaluator                                                                                                   # target/work-51-input/verification/cases/T11/scenario.feature:170
  ✔ 먼저 사례 파일 "verification/cases/T11/case.json"의 "unsupported-evaluator"를 준비한다                                                             # org.mulino.verification.ScenarioGlue.prepare(java.lang.String,java.lang.String)
  ✔ 만일 "시스템" 역할이 "setup" 행동을 수행한다                                                                                                          # org.mulino.verification.ScenarioGlue.action(java.lang.String,java.lang.String)
  ✔ 만일 "A" 역할이 "before-db-snapshot" 행동을 수행한다                                                                                               # org.mulino.verification.ScenarioGlue.action(java.lang.String,java.lang.String)
  ✔ 만일 "시스템" 역할이 "before-db" 행동을 수행한다                                                                                                      # org.mulino.verification.ScenarioGlue.action(java.lang.String,java.lang.String)
  ✔ 만일 "A" 역할이 "draft" 행동을 수행한다                                                                                                            # org.mulino.verification.ScenarioGlue.action(java.lang.String,java.lang.String)
  ✔ 만일 "A" 역할이 "activate" 행동을 수행한다                                                                                                         # org.mulino.verification.ScenarioGlue.action(java.lang.String,java.lang.String)
  ✔ 만일 "A" 역할이 "after-db-snapshot" 행동을 수행한다                                                                                                # org.mulino.verification.ScenarioGlue.action(java.lang.String,java.lang.String)
  ✔ 만일 "시스템" 역할이 "after-db" 행동을 수행한다                                                                                                       # org.mulino.verification.ScenarioGlue.action(java.lang.String,java.lang.String)
  ✘ 그러면 "activate-outcome" assertion으로 "업무 상태의 독립 판정 unsupported-evaluator. unsupported-activation-effects의 독립 고정 기대값을 대조한다."를 확인한다        # org.mulino.verification.ScenarioGlue.assertion(java.lang.String,java.lang.String)
        java.lang.AssertionError: source activate is NOT_IMPLEMENTED: NOT_IMPLEMENTED: no real product adapters installed
                at org.mulino.verification.AssertionEngine.fail(AssertionEngine.java:138)
                at org.mulino.verification.AssertionEngine.require(AssertionEngine.java:137)
                at org.mulino.verification.AssertionEngine.requireExecuted(AssertionEngine.java:77)
                at org.mulino.verification.AssertionEngine.requireSourcesAvailable(AssertionEngine.java:68)
                at org.mulino.verification.CaseRunner.assertId(CaseRunner.java:151)
                at org.mulino.verification.ScenarioGlue.assertion(ScenarioGlue.java:26)
                at ✽."activate-outcome" assertion으로 "업무 상태의 독립 판정 unsupported-evaluator. unsupported-activation-effects의 독립 고정 기대값을 대조한다."를 확인한다(file:///Volumes/VideoStore/Developer/mulino-ontology-step2-wire-async/verification/harness/target/work-51-input/verification/cases/T11/scenario.feature:179)
  ↷ 그러면 "activate-movements-unchanged" assertion으로 "같은 대상의 독립 전후 원행을 비교한다. 조회/거부 감사의 추가는 별도 허용한다."를 확인한다                                   # org.mulino.verification.ScenarioGlue.assertion(java.lang.String,java.lang.String)
  ↷ 그러면 "activate-contributions-unchanged" assertion으로 "같은 대상의 독립 전후 원행을 비교한다. 조회/거부 감사의 추가는 별도 허용한다."를 확인한다                               # org.mulino.verification.ScenarioGlue.assertion(java.lang.String,java.lang.String)
  ↷ 그러면 "activate-approvals-unchanged" assertion으로 "같은 대상의 독립 전후 원행을 비교한다. 조회/거부 감사의 추가는 별도 허용한다."를 확인한다                                   # org.mulino.verification.ScenarioGlue.assertion(java.lang.String,java.lang.String)
  ↷ 그러면 "activate-outbox-unchanged" assertion으로 "같은 대상의 독립 전후 원행을 비교한다. 조회/거부 감사의 추가는 별도 허용한다."를 확인한다                                      # org.mulino.verification.ScenarioGlue.assertion(java.lang.String,java.lang.String)
  ↷ 그러면 "activate-denial-audit" assertion으로 "업무 상태의 독립 판정 unsupported-evaluator. unsupported-activation-effects의 독립 고정 기대값을 대조한다."를 확인한다   # org.mulino.verification.ScenarioGlue.assertion(java.lang.String,java.lang.String)
  ↷ 그러면 "unsupported-keeps-draft" assertion으로 "업무 상태의 독립 판정 unsupported-evaluator. unsupported-activation-effects의 독립 고정 기대값을 대조한다."를 확인한다 # org.mulino.verification.ScenarioGlue.assertion(java.lang.String,java.lang.String)

@T11 @D11 @sit @uat
시나리오: 업무 상태의 독립 판정 pending-correction                                                                                                         # target/work-51-input/verification/cases/T11/scenario.feature:187
  ✔ 먼저 사례 파일 "verification/cases/T11/case.json"의 "pending-correction"를 준비한다                                                                   # org.mulino.verification.ScenarioGlue.prepare(java.lang.String,java.lang.String)
  ✔ 만일 "시스템" 역할이 "setup" 행동을 수행한다                                                                                                             # org.mulino.verification.ScenarioGlue.action(java.lang.String,java.lang.String)
  ✔ 만일 "A" 역할이 "before-db-snapshot" 행동을 수행한다                                                                                                  # org.mulino.verification.ScenarioGlue.action(java.lang.String,java.lang.String)
  ✔ 만일 "시스템" 역할이 "before-db" 행동을 수행한다                                                                                                         # org.mulino.verification.ScenarioGlue.action(java.lang.String,java.lang.String)
  ✔ 만일 "시스템" 역할이 "delay-reassessment" 행동을 수행한다                                                                                                # org.mulino.verification.ScenarioGlue.action(java.lang.String,java.lang.String)
  ✔ 만일 "A" 역할이 "correction" 행동을 수행한다                                                                                                          # org.mulino.verification.ScenarioGlue.action(java.lang.String,java.lang.String)
  ✔ 만일 "A" 역할이 "close" 행동을 수행한다                                                                                                               # org.mulino.verification.ScenarioGlue.action(java.lang.String,java.lang.String)
  ✔ 만일 "A" 역할이 "after-db-snapshot" 행동을 수행한다                                                                                                   # org.mulino.verification.ScenarioGlue.action(java.lang.String,java.lang.String)
  ✔ 만일 "시스템" 역할이 "after-db" 행동을 수행한다                                                                                                          # org.mulino.verification.ScenarioGlue.action(java.lang.String,java.lang.String)
  ✔ 만일 "시스템" 역할이 "release-reassessment" 행동을 수행한다                                                                                              # org.mulino.verification.ScenarioGlue.action(java.lang.String,java.lang.String)
  ✘ 그러면 "pending-close-denied" assertion으로 "업무 상태의 독립 판정 pending-correction. pending-assessment-fulfilled-close의 독립 고정 기대값을 대조한다."를 확인한다      # org.mulino.verification.ScenarioGlue.assertion(java.lang.String,java.lang.String)
        java.lang.AssertionError: source close is NOT_IMPLEMENTED: NOT_IMPLEMENTED: no real product adapters installed
                at org.mulino.verification.AssertionEngine.fail(AssertionEngine.java:138)
                at org.mulino.verification.AssertionEngine.require(AssertionEngine.java:137)
                at org.mulino.verification.AssertionEngine.requireExecuted(AssertionEngine.java:77)
                at org.mulino.verification.AssertionEngine.requireSourcesAvailable(AssertionEngine.java:68)
                at org.mulino.verification.CaseRunner.assertId(CaseRunner.java:151)
                at org.mulino.verification.ScenarioGlue.assertion(ScenarioGlue.java:26)
                at ✽."pending-close-denied" assertion으로 "업무 상태의 독립 판정 pending-correction. pending-assessment-fulfilled-close의 독립 고정 기대값을 대조한다."를 확인한다(file:///Volumes/VideoStore/Developer/mulino-ontology-step2-wire-async/verification/harness/target/work-51-input/verification/cases/T11/scenario.feature:198)
  ↷ 그러면 "pending-work-still-active" assertion으로 "업무 상태의 독립 판정 pending-correction. pending-assessment-fulfilled-close의 독립 고정 기대값을 대조한다."를 확인한다 # org.mulino.verification.ScenarioGlue.assertion(java.lang.String,java.lang.String)
  ↷ 그러면 "pending-input-retained" assertion으로 "업무 상태의 독립 판정 pending-correction. pending-assessment-fulfilled-close의 독립 고정 기대값을 대조한다."를 확인한다    # org.mulino.verification.ScenarioGlue.assertion(java.lang.String,java.lang.String)
  ↷ 그러면 "physical-no-pending-effect" assertion으로 "같은 대상의 독립 전후 원행을 비교한다. 조회/거부 감사의 추가는 별도 허용한다."를 확인한다                                        # org.mulino.verification.ScenarioGlue.assertion(java.lang.String,java.lang.String)

@T11 @D11 @sit @uat
시나리오: 업무 상태의 독립 판정 stale-revision                                                                                            # target/work-51-input/verification/cases/T11/scenario.feature:203
  ✔ 먼저 사례 파일 "verification/cases/T11/case.json"의 "stale-revision"를 준비한다                                                      # org.mulino.verification.ScenarioGlue.prepare(java.lang.String,java.lang.String)
  ✔ 만일 "시스템" 역할이 "setup" 행동을 수행한다                                                                                            # org.mulino.verification.ScenarioGlue.action(java.lang.String,java.lang.String)
  ✔ 만일 "A" 역할이 "before-db-snapshot" 행동을 수행한다                                                                                 # org.mulino.verification.ScenarioGlue.action(java.lang.String,java.lang.String)
  ✔ 만일 "시스템" 역할이 "before-db" 행동을 수행한다                                                                                        # org.mulino.verification.ScenarioGlue.action(java.lang.String,java.lang.String)
  ✔ 만일 "A" 역할이 "wait" 행동을 수행한다                                                                                               # org.mulino.verification.ScenarioGlue.action(java.lang.String,java.lang.String)
  ✔ 만일 "A" 역할이 "after-wait-db-snapshot" 행동을 수행한다                                                                             # org.mulino.verification.ScenarioGlue.action(java.lang.String,java.lang.String)
  ✔ 만일 "시스템" 역할이 "after-wait-db" 행동을 수행한다                                                                                    # org.mulino.verification.ScenarioGlue.action(java.lang.String,java.lang.String)
  ✔ 만일 "A" 역할이 "stale-close" 행동을 수행한다                                                                                        # org.mulino.verification.ScenarioGlue.action(java.lang.String,java.lang.String)
  ✔ 만일 "A" 역할이 "after-db-snapshot" 행동을 수행한다                                                                                  # org.mulino.verification.ScenarioGlue.action(java.lang.String,java.lang.String)
  ✔ 만일 "시스템" 역할이 "after-db" 행동을 수행한다                                                                                         # org.mulino.verification.ScenarioGlue.action(java.lang.String,java.lang.String)
  ✘ 그러면 "stale-close-outcome" assertion으로 "업무 상태의 독립 판정 stale-revision. stale-revision-effects의 독립 고정 기대값을 대조한다."를 확인한다      # org.mulino.verification.ScenarioGlue.assertion(java.lang.String,java.lang.String)
        java.lang.AssertionError: source stale-close is NOT_IMPLEMENTED: NOT_IMPLEMENTED: no real product adapters installed
                at org.mulino.verification.AssertionEngine.fail(AssertionEngine.java:138)
                at org.mulino.verification.AssertionEngine.require(AssertionEngine.java:137)
                at org.mulino.verification.AssertionEngine.requireExecuted(AssertionEngine.java:77)
                at org.mulino.verification.AssertionEngine.requireSourcesAvailable(AssertionEngine.java:68)
                at org.mulino.verification.CaseRunner.assertId(CaseRunner.java:151)
                at org.mulino.verification.ScenarioGlue.assertion(ScenarioGlue.java:26)
                at ✽."stale-close-outcome" assertion으로 "업무 상태의 독립 판정 stale-revision. stale-revision-effects의 독립 고정 기대값을 대조한다."를 확인한다(file:///Volumes/VideoStore/Developer/mulino-ontology-step2-wire-async/verification/harness/target/work-51-input/verification/cases/T11/scenario.feature:214)
  ↷ 그러면 "stale-close-works-unchanged" assertion으로 "같은 대상의 독립 전후 원행을 비교한다. 조회/거부 감사의 추가는 별도 허용한다."를 확인한다                      # org.mulino.verification.ScenarioGlue.assertion(java.lang.String,java.lang.String)
  ↷ 그러면 "stale-close-movements-unchanged" assertion으로 "같은 대상의 독립 전후 원행을 비교한다. 조회/거부 감사의 추가는 별도 허용한다."를 확인한다                  # org.mulino.verification.ScenarioGlue.assertion(java.lang.String,java.lang.String)
  ↷ 그러면 "stale-close-assignments-unchanged" assertion으로 "같은 대상의 독립 전후 원행을 비교한다. 조회/거부 감사의 추가는 별도 허용한다."를 확인한다                # org.mulino.verification.ScenarioGlue.assertion(java.lang.String,java.lang.String)
  ↷ 그러면 "stale-close-outbox-unchanged" assertion으로 "같은 대상의 독립 전후 원행을 비교한다. 조회/거부 감사의 추가는 별도 허용한다."를 확인한다                     # org.mulino.verification.ScenarioGlue.assertion(java.lang.String,java.lang.String)
  ↷ 그러면 "stale-close-denial-audit" assertion으로 "업무 상태의 독립 판정 stale-revision. stale-revision-effects의 독립 고정 기대값을 대조한다."를 확인한다 # org.mulino.verification.ScenarioGlue.assertion(java.lang.String,java.lang.String)
  ↷ 그러면 "stale-code" assertion으로 "업무 상태의 독립 판정 stale-revision. stale-revision-effects의 독립 고정 기대값을 대조한다."를 확인한다               # org.mulino.verification.ScenarioGlue.assertion(java.lang.String,java.lang.String)

@T11 @D11 @sit @uat
시나리오: 업무 상태의 독립 판정 cancel-after-shipment                                                                                           # target/work-51-input/verification/cases/T11/scenario.feature:222
  ✔ 먼저 사례 파일 "verification/cases/T11/case.json"의 "cancel-after-shipment"를 준비한다                                                     # org.mulino.verification.ScenarioGlue.prepare(java.lang.String,java.lang.String)
  ✔ 만일 "시스템" 역할이 "setup" 행동을 수행한다                                                                                                  # org.mulino.verification.ScenarioGlue.action(java.lang.String,java.lang.String)
  ✔ 만일 "A" 역할이 "before-db-snapshot" 행동을 수행한다                                                                                       # org.mulino.verification.ScenarioGlue.action(java.lang.String,java.lang.String)
  ✔ 만일 "시스템" 역할이 "before-db" 행동을 수행한다                                                                                              # org.mulino.verification.ScenarioGlue.action(java.lang.String,java.lang.String)
  ✔ 만일 "A" 역할이 "sale" 행동을 수행한다                                                                                                     # org.mulino.verification.ScenarioGlue.action(java.lang.String,java.lang.String)
  ✔ 만일 "warehouse" 역할이 "reserve" 행동을 수행한다                                                                                          # org.mulino.verification.ScenarioGlue.action(java.lang.String,java.lang.String)
  ✔ 만일 "warehouse" 역할이 "pick" 행동을 수행한다                                                                                             # org.mulino.verification.ScenarioGlue.action(java.lang.String,java.lang.String)
  ✔ 만일 "warehouse" 역할이 "dispatch" 행동을 수행한다                                                                                         # org.mulino.verification.ScenarioGlue.action(java.lang.String,java.lang.String)
  ✔ 만일 "A" 역할이 "shipped-db-snapshot" 행동을 수행한다                                                                                      # org.mulino.verification.ScenarioGlue.action(java.lang.String,java.lang.String)
  ✔ 만일 "시스템" 역할이 "shipped-db" 행동을 수행한다                                                                                             # org.mulino.verification.ScenarioGlue.action(java.lang.String,java.lang.String)
  ✔ 만일 "A" 역할이 "close-with-duty" 행동을 수행한다                                                                                          # org.mulino.verification.ScenarioGlue.action(java.lang.String,java.lang.String)
  ✔ 만일 "A" 역할이 "transfer" 행동을 수행한다                                                                                                 # org.mulino.verification.ScenarioGlue.action(java.lang.String,java.lang.String)
  ✔ 만일 "A" 역할이 "close" 행동을 수행한다                                                                                                    # org.mulino.verification.ScenarioGlue.action(java.lang.String,java.lang.String)
  ✔ 만일 "A" 역할이 "after-db-snapshot" 행동을 수행한다                                                                                        # org.mulino.verification.ScenarioGlue.action(java.lang.String,java.lang.String)
  ✔ 만일 "시스템" 역할이 "after-db" 행동을 수행한다                                                                                               # org.mulino.verification.ScenarioGlue.action(java.lang.String,java.lang.String)
  ✘ 그러면 "duty-blocks-first-close" assertion으로 "업무 상태의 독립 판정 cancel-after-shipment. cancel-preservation의 독립 고정 기대값을 대조한다."를 확인한다    # org.mulino.verification.ScenarioGlue.assertion(java.lang.String,java.lang.String)
        java.lang.AssertionError: source close-with-duty is NOT_IMPLEMENTED: NOT_IMPLEMENTED: no real product adapters installed
                at org.mulino.verification.AssertionEngine.fail(AssertionEngine.java:138)
                at org.mulino.verification.AssertionEngine.require(AssertionEngine.java:137)
                at org.mulino.verification.AssertionEngine.requireExecuted(AssertionEngine.java:77)
                at org.mulino.verification.AssertionEngine.requireSourcesAvailable(AssertionEngine.java:68)
                at org.mulino.verification.CaseRunner.assertId(CaseRunner.java:151)
                at org.mulino.verification.ScenarioGlue.assertion(ScenarioGlue.java:26)
                at ✽."duty-blocks-first-close" assertion으로 "업무 상태의 독립 판정 cancel-after-shipment. cancel-preservation의 독립 고정 기대값을 대조한다."를 확인한다(file:///Volumes/VideoStore/Developer/mulino-ontology-step2-wire-async/verification/harness/target/work-51-input/verification/cases/T11/scenario.feature:238)
  ↷ 그러면 "cancel-applied" assertion으로 "업무 상태의 독립 판정 cancel-after-shipment. cancel-preservation의 독립 고정 기대값을 대조한다."를 확인한다             # org.mulino.verification.ScenarioGlue.assertion(java.lang.String,java.lang.String)
  ↷ 그러면 "movements-retained" assertion으로 "같은 대상의 독립 전후 원행을 비교한다. 조회/거부 감사의 추가는 별도 허용한다."를 확인한다                                     # org.mulino.verification.ScenarioGlue.assertion(java.lang.String,java.lang.String)
  ↷ 그러면 "contracts-retained" assertion으로 "같은 대상의 독립 전후 원행을 비교한다. 조회/거부 감사의 추가는 별도 허용한다."를 확인한다                                     # org.mulino.verification.ScenarioGlue.assertion(java.lang.String,java.lang.String)
  ↷ 그러면 "claims-retained" assertion으로 "같은 대상의 독립 전후 원행을 비교한다. 조회/거부 감사의 추가는 별도 허용한다."를 확인한다                                        # org.mulino.verification.ScenarioGlue.assertion(java.lang.String,java.lang.String)
  ↷ 그러면 "cancel-reason" assertion으로 "업무 상태의 독립 판정 cancel-after-shipment. cancel-preservation의 독립 고정 기대값을 대조한다."를 확인한다              # org.mulino.verification.ScenarioGlue.assertion(java.lang.String,java.lang.String)
  ↷ 그러면 "not-fulfilled" assertion으로 "업무 상태의 독립 판정 cancel-after-shipment. cancel-preservation의 독립 고정 기대값을 대조한다."를 확인한다              # org.mulino.verification.ScenarioGlue.assertion(java.lang.String,java.lang.String)
  ↷ 그러면 "residual-owner-one" assertion으로 "업무 상태의 독립 판정 cancel-after-shipment. cancel-preservation의 독립 고정 기대값을 대조한다."를 확인한다         # org.mulino.verification.ScenarioGlue.assertion(java.lang.String,java.lang.String)
  ↷ 그러면 "residual-owner-owner" assertion으로 "업무 상태의 독립 판정 cancel-after-shipment. cancel-preservation의 독립 고정 기대값을 대조한다."를 확인한다       # org.mulino.verification.ScenarioGlue.assertion(java.lang.String,java.lang.String)
  ↷ 그러면 "residual-owner-next-action" assertion으로 "업무 상태의 독립 판정 cancel-after-shipment. cancel-preservation의 독립 고정 기대값을 대조한다."를 확인한다 # org.mulino.verification.ScenarioGlue.assertion(java.lang.String,java.lang.String)
  ↷ 그러면 "residual-owner-next-check" assertion으로 "업무 상태의 독립 판정 cancel-after-shipment. cancel-preservation의 독립 고정 기대값을 대조한다."를 확인한다  # org.mulino.verification.ScenarioGlue.assertion(java.lang.String,java.lang.String)

@T11 @D11 @sit @uat
시나리오: blocking 업무 의존 순환은 두 번째 링크를 거부한다                                                                                          # target/work-51-input/verification/cases/T11/scenario.feature:250
  ✔ 먼저 사례 파일 "verification/cases/T11/case.json"의 "dependency-cycle"를 준비한다                                                       # org.mulino.verification.ScenarioGlue.prepare(java.lang.String,java.lang.String)
  ✔ 만일 "시스템" 역할이 "setup" 행동을 수행한다                                                                                               # org.mulino.verification.ScenarioGlue.action(java.lang.String,java.lang.String)
  ✔ 만일 "A" 역할이 "link" 행동을 수행한다                                                                                                  # org.mulino.verification.ScenarioGlue.action(java.lang.String,java.lang.String)
  ✔ 만일 "A" 역할이 "before-reverse-db-snapshot" 행동을 수행한다                                                                            # org.mulino.verification.ScenarioGlue.action(java.lang.String,java.lang.String)
  ✔ 만일 "시스템" 역할이 "before-reverse-db" 행동을 수행한다                                                                                   # org.mulino.verification.ScenarioGlue.action(java.lang.String,java.lang.String)
  ✔ 만일 "A" 역할이 "reverse" 행동을 수행한다                                                                                               # org.mulino.verification.ScenarioGlue.action(java.lang.String,java.lang.String)
  ✔ 만일 "A" 역할이 "after-db-snapshot" 행동을 수행한다                                                                                     # org.mulino.verification.ScenarioGlue.action(java.lang.String,java.lang.String)
  ✔ 만일 "시스템" 역할이 "after-db" 행동을 수행한다                                                                                            # org.mulino.verification.ScenarioGlue.action(java.lang.String,java.lang.String)
  ✘ 그러면 "reverse-outcome" assertion으로 "blocking 업무 의존 순환은 두 번째 링크를 거부한다. dependency-cycle-created의 독립 고정 기대값을 대조한다."를 확인한다      # org.mulino.verification.ScenarioGlue.assertion(java.lang.String,java.lang.String)
        java.lang.AssertionError: source reverse is NOT_IMPLEMENTED: NOT_IMPLEMENTED: no real product adapters installed
                at org.mulino.verification.AssertionEngine.fail(AssertionEngine.java:138)
                at org.mulino.verification.AssertionEngine.require(AssertionEngine.java:137)
                at org.mulino.verification.AssertionEngine.requireExecuted(AssertionEngine.java:77)
                at org.mulino.verification.AssertionEngine.requireSourcesAvailable(AssertionEngine.java:68)
                at org.mulino.verification.CaseRunner.assertId(CaseRunner.java:151)
                at org.mulino.verification.ScenarioGlue.assertion(ScenarioGlue.java:26)
                at ✽."reverse-outcome" assertion으로 "blocking 업무 의존 순환은 두 번째 링크를 거부한다. dependency-cycle-created의 독립 고정 기대값을 대조한다."를 확인한다(file:///Volumes/VideoStore/Developer/mulino-ontology-step2-wire-async/verification/harness/target/work-51-input/verification/cases/T11/scenario.feature:259)
  ↷ 그러면 "reverse-workLinks-unchanged" assertion으로 "같은 대상의 독립 전후 원행을 비교한다. 조회/거부 감사의 추가는 별도 허용한다."를 확인한다                         # org.mulino.verification.ScenarioGlue.assertion(java.lang.String,java.lang.String)
  ↷ 그러면 "reverse-movements-unchanged" assertion으로 "같은 대상의 독립 전후 원행을 비교한다. 조회/거부 감사의 추가는 별도 허용한다."를 확인한다                         # org.mulino.verification.ScenarioGlue.assertion(java.lang.String,java.lang.String)
  ↷ 그러면 "reverse-outbox-unchanged" assertion으로 "같은 대상의 독립 전후 원행을 비교한다. 조회/거부 감사의 추가는 별도 허용한다."를 확인한다                            # org.mulino.verification.ScenarioGlue.assertion(java.lang.String,java.lang.String)
  ↷ 그러면 "reverse-denial-audit" assertion으로 "blocking 업무 의존 순환은 두 번째 링크를 거부한다. dependency-cycle-created의 독립 고정 기대값을 대조한다."를 확인한다 # org.mulino.verification.ScenarioGlue.assertion(java.lang.String,java.lang.String)
  ↷ 그러면 "only-forward-link" assertion으로 "blocking 업무 의존 순환은 두 번째 링크를 거부한다. dependency-cycle-created의 독립 고정 기대값을 대조한다."를 확인한다    # org.mulino.verification.ScenarioGlue.assertion(java.lang.String,java.lang.String)

@T11 @D11 @sit @uat
시나리오: 공유 활동60을 부모 둘에30씩 배분하여120으로 복제하지 않는다                                                                                                # target/work-51-input/verification/cases/T11/scenario.feature:266
  ✔ 먼저 사례 파일 "verification/cases/T11/case.json"의 "shared-distinct60"를 준비한다                                                                # org.mulino.verification.ScenarioGlue.prepare(java.lang.String,java.lang.String)
  ✔ 만일 "시스템" 역할이 "setup" 행동을 수행한다                                                                                                         # org.mulino.verification.ScenarioGlue.action(java.lang.String,java.lang.String)
  ✔ 만일 "A" 역할이 "parent-one" 행동을 수행한다                                                                                                      # org.mulino.verification.ScenarioGlue.action(java.lang.String,java.lang.String)
  ✔ 만일 "A" 역할이 "parent-two" 행동을 수행한다                                                                                                      # org.mulino.verification.ScenarioGlue.action(java.lang.String,java.lang.String)
  ✔ 만일 "A" 역할이 "receive60" 행동을 수행한다                                                                                                       # org.mulino.verification.ScenarioGlue.action(java.lang.String,java.lang.String)
  ✔ 만일 "A" 역할이 "parent-one-link" 행동을 수행한다                                                                                                 # org.mulino.verification.ScenarioGlue.action(java.lang.String,java.lang.String)
  ✔ 만일 "A" 역할이 "parent-two-link" 행동을 수행한다                                                                                                 # org.mulino.verification.ScenarioGlue.action(java.lang.String,java.lang.String)
  ✔ 만일 "A" 역할이 "after-db-snapshot" 행동을 수행한다                                                                                               # org.mulino.verification.ScenarioGlue.action(java.lang.String,java.lang.String)
  ✔ 만일 "시스템" 역할이 "after-db" 행동을 수행한다                                                                                                      # org.mulino.verification.ScenarioGlue.action(java.lang.String,java.lang.String)
  ✘ 그러면 "shared-sum60" assertion으로 "공유 활동60을 부모 둘에30씩 배분하여120으로 복제하지 않는다. shared-distinct-contribution의 독립 고정 기대값을 대조한다."를 확인한다           # org.mulino.verification.ScenarioGlue.assertion(java.lang.String,java.lang.String)
        java.lang.AssertionError: source after-db is NOT_IMPLEMENTED: NOT_IMPLEMENTED: no real product adapters installed
                at org.mulino.verification.AssertionEngine.fail(AssertionEngine.java:138)
                at org.mulino.verification.AssertionEngine.require(AssertionEngine.java:137)
                at org.mulino.verification.AssertionEngine.requireExecuted(AssertionEngine.java:77)
                at org.mulino.verification.AssertionEngine.requireSourcesAvailable(AssertionEngine.java:68)
                at org.mulino.verification.CaseRunner.assertId(CaseRunner.java:151)
                at org.mulino.verification.ScenarioGlue.assertion(ScenarioGlue.java:26)
                at ✽."shared-sum60" assertion으로 "공유 활동60을 부모 둘에30씩 배분하여120으로 복제하지 않는다. shared-distinct-contribution의 독립 고정 기대값을 대조한다."를 확인한다(file:///Volumes/VideoStore/Developer/mulino-ontology-step2-wire-async/verification/harness/target/work-51-input/verification/cases/T11/scenario.feature:276)
  ↷ 그러면 "shared-scope-partition" assertion으로 "공유 활동60을 부모 둘에30씩 배분하여120으로 복제하지 않는다. shared-distinct-contribution의 독립 고정 기대값을 대조한다."를 확인한다 # org.mulino.verification.ScenarioGlue.assertion(java.lang.String,java.lang.String)

@T11 @D11 @sit @uat
시나리오: 종료 뒤 새 이상은 원 업무와 판정 대신 followup에 책임을 연결한다                                                                                     # target/work-51-input/verification/cases/T11/scenario.feature:279
  ✔ 먼저 사례 파일 "verification/cases/T11/case.json"의 "closed-followup"를 준비한다                                                            # org.mulino.verification.ScenarioGlue.prepare(java.lang.String,java.lang.String)
  ✔ 만일 "시스템" 역할이 "setup" 행동을 수행한다                                                                                                   # org.mulino.verification.ScenarioGlue.action(java.lang.String,java.lang.String)
  ✔ 만일 "A" 역할이 "before-db-snapshot" 행동을 수행한다                                                                                        # org.mulino.verification.ScenarioGlue.action(java.lang.String,java.lang.String)
  ✔ 만일 "시스템" 역할이 "before-db" 행동을 수행한다                                                                                               # org.mulino.verification.ScenarioGlue.action(java.lang.String,java.lang.String)
  ✔ 만일 "A" 역할이 "temperature" 행동을 수행한다                                                                                               # org.mulino.verification.ScenarioGlue.action(java.lang.String,java.lang.String)
  ✔ 만일 "A" 역할이 "followup" 행동을 수행한다                                                                                                  # org.mulino.verification.ScenarioGlue.action(java.lang.String,java.lang.String)
  ✔ 만일 "A" 역할이 "after-db-snapshot" 행동을 수행한다                                                                                         # org.mulino.verification.ScenarioGlue.action(java.lang.String,java.lang.String)
  ✔ 만일 "시스템" 역할이 "after-db" 행동을 수행한다                                                                                                # org.mulino.verification.ScenarioGlue.action(java.lang.String,java.lang.String)
  ✘ 그러면 "closed-work-unchanged" assertion으로 "같은 대상의 독립 전후 원행을 비교한다. 조회/거부 감사의 추가는 별도 허용한다."를 확인한다                                   # org.mulino.verification.ScenarioGlue.assertion(java.lang.String,java.lang.String)
        java.lang.AssertionError: source after-db is NOT_IMPLEMENTED: NOT_IMPLEMENTED: no real product adapters installed
                at org.mulino.verification.AssertionEngine.fail(AssertionEngine.java:138)
                at org.mulino.verification.AssertionEngine.require(AssertionEngine.java:137)
                at org.mulino.verification.AssertionEngine.requireExecuted(AssertionEngine.java:77)
                at org.mulino.verification.AssertionEngine.requireSourcesAvailable(AssertionEngine.java:68)
                at org.mulino.verification.CaseRunner.assertId(CaseRunner.java:151)
                at org.mulino.verification.ScenarioGlue.assertion(ScenarioGlue.java:26)
                at ✽."closed-work-unchanged" assertion으로 "같은 대상의 독립 전후 원행을 비교한다. 조회/거부 감사의 추가는 별도 허용한다."를 확인한다(file:///Volumes/VideoStore/Developer/mulino-ontology-step2-wire-async/verification/harness/target/work-51-input/verification/cases/T11/scenario.feature:288)
  ↷ 그러면 "closed-assessment-unchanged" assertion으로 "같은 대상의 독립 전후 원행을 비교한다. 조회/거부 감사의 추가는 별도 허용한다."를 확인한다                             # org.mulino.verification.ScenarioGlue.assertion(java.lang.String,java.lang.String)
  ↷ 그러면 "followup-parent-link" assertion으로 "종료 뒤 새 이상은 원 업무와 판정 대신 followup에 책임을 연결한다. followup-link의 독립 고정 기대값을 대조한다."를 확인한다       # org.mulino.verification.ScenarioGlue.assertion(java.lang.String,java.lang.String)
  ↷ 그러면 "followup-owner-one" assertion으로 "종료 뒤 새 이상은 원 업무와 판정 대신 followup에 책임을 연결한다. followup-link의 독립 고정 기대값을 대조한다."를 확인한다         # org.mulino.verification.ScenarioGlue.assertion(java.lang.String,java.lang.String)
  ↷ 그러면 "followup-owner-owner" assertion으로 "종료 뒤 새 이상은 원 업무와 판정 대신 followup에 책임을 연결한다. followup-link의 독립 고정 기대값을 대조한다."를 확인한다       # org.mulino.verification.ScenarioGlue.assertion(java.lang.String,java.lang.String)
  ↷ 그러면 "followup-owner-next-action" assertion으로 "종료 뒤 새 이상은 원 업무와 판정 대신 followup에 책임을 연결한다. followup-link의 독립 고정 기대값을 대조한다."를 확인한다 # org.mulino.verification.ScenarioGlue.assertion(java.lang.String,java.lang.String)
  ↷ 그러면 "followup-owner-next-check" assertion으로 "종료 뒤 새 이상은 원 업무와 판정 대신 followup에 책임을 연결한다. followup-link의 독립 고정 기대값을 대조한다."를 확인한다  # org.mulino.verification.ScenarioGlue.assertion(java.lang.String,java.lang.String)

@T12 @D12 @sit @uat
시나리오: 판정 근거와 장소·상충을 구별한다 no-receipt-evidence                                                                                               # target/work-51-input/verification/cases/T12/scenario.feature:5
  ✔ 먼저 사례 파일 "verification/cases/T12/case.json"의 "no-receipt-evidence"를 준비한다                                                               # org.mulino.verification.ScenarioGlue.prepare(java.lang.String,java.lang.String)
  ✔ 만일 "시스템" 역할이 "setup" 행동을 수행한다                                                                                                          # org.mulino.verification.ScenarioGlue.action(java.lang.String,java.lang.String)
  ✔ 만일 "A" 역할이 "work" 행동을 수행한다                                                                                                             # org.mulino.verification.ScenarioGlue.action(java.lang.String,java.lang.String)
  ✔ 만일 "A" 역할이 "initial-assessment" 행동을 수행한다                                                                                               # org.mulino.verification.ScenarioGlue.action(java.lang.String,java.lang.String)
  ✔ 만일 "A" 역할이 "before-db-snapshot" 행동을 수행한다                                                                                               # org.mulino.verification.ScenarioGlue.action(java.lang.String,java.lang.String)
  ✔ 만일 "시스템" 역할이 "before-db" 행동을 수행한다                                                                                                      # org.mulino.verification.ScenarioGlue.action(java.lang.String,java.lang.String)
  ✔ 만일 "A" 역할이 "claim" 행동을 수행한다                                                                                                            # org.mulino.verification.ScenarioGlue.action(java.lang.String,java.lang.String)
  ✔ 만일 "A" 역할이 "assessment" 행동을 수행한다                                                                                                       # org.mulino.verification.ScenarioGlue.action(java.lang.String,java.lang.String)
  ✔ 만일 "A" 역할이 "after-db-snapshot" 행동을 수행한다                                                                                                # org.mulino.verification.ScenarioGlue.action(java.lang.String,java.lang.String)
  ✔ 만일 "시스템" 역할이 "after-db" 행동을 수행한다                                                                                                       # org.mulino.verification.ScenarioGlue.action(java.lang.String,java.lang.String)
  ✘ 그러면 "assessment-api-result" assertion으로 "판정 근거와 장소·상충을 구별한다 no-receipt-evidence. insufficient-evidence의 독립 고정 기대값을 대조한다."를 확인한다        # org.mulino.verification.ScenarioGlue.assertion(java.lang.String,java.lang.String)
        java.lang.AssertionError: source assessment is NOT_IMPLEMENTED: NOT_IMPLEMENTED: no real product adapters installed
                at org.mulino.verification.AssertionEngine.fail(AssertionEngine.java:138)
                at org.mulino.verification.AssertionEngine.require(AssertionEngine.java:137)
                at org.mulino.verification.AssertionEngine.requireExecuted(AssertionEngine.java:77)
                at org.mulino.verification.AssertionEngine.requireSourcesAvailable(AssertionEngine.java:68)
                at org.mulino.verification.CaseRunner.assertId(CaseRunner.java:151)
                at org.mulino.verification.ScenarioGlue.assertion(ScenarioGlue.java:26)
                at ✽."assessment-api-result" assertion으로 "판정 근거와 장소·상충을 구별한다 no-receipt-evidence. insufficient-evidence의 독립 고정 기대값을 대조한다."를 확인한다(file:///Volumes/VideoStore/Developer/mulino-ontology-step2-wire-async/verification/harness/target/work-51-input/verification/cases/T12/scenario.feature:16)
  ↷ 그러면 "assessment-db-result" assertion으로 "판정 근거와 장소·상충을 구별한다 no-receipt-evidence. insufficient-evidence의 독립 고정 기대값을 대조한다."를 확인한다         # org.mulino.verification.ScenarioGlue.assertion(java.lang.String,java.lang.String)
  ↷ 그러면 "versions-pinned" assertion으로 "판정 근거와 장소·상충을 구별한다 no-receipt-evidence. assessment-snapshot의 독립 고정 기대값을 대조한다."를 확인한다                # org.mulino.verification.ScenarioGlue.assertion(java.lang.String,java.lang.String)
  ↷ 그러면 "goal-version-linked" assertion으로 "판정 근거와 장소·상충을 구별한다 no-receipt-evidence. assessment-snapshot의 독립 고정 기대값을 대조한다."를 확인한다            # org.mulino.verification.ScenarioGlue.assertion(java.lang.String,java.lang.String)
  ↷ 그러면 "condition-result-detail" assertion으로 "판정 근거와 장소·상충을 구별한다 no-receipt-evidence. assessment-snapshot의 독립 고정 기대값을 대조한다."를 확인한다        # org.mulino.verification.ScenarioGlue.assertion(java.lang.String,java.lang.String)
  ↷ 그러면 "condition-evidence-input-match" assertion으로 "판정 근거와 장소·상충을 구별한다 no-receipt-evidence. assessment-snapshot의 독립 고정 기대값을 대조한다."를 확인한다 # org.mulino.verification.ScenarioGlue.assertion(java.lang.String,java.lang.String)
  ↷ 그러면 "previous-assessment-link" assertion으로 "판정 근거와 장소·상충을 구별한다 no-receipt-evidence. assessment-snapshot의 독립 고정 기대값을 대조한다."를 확인한다       # org.mulino.verification.ScenarioGlue.assertion(java.lang.String,java.lang.String)
  ↷ 그러면 "assessment-asof" assertion으로 "판정 근거와 장소·상충을 구별한다 no-receipt-evidence. assessment-snapshot의 독립 고정 기대값을 대조한다."를 확인한다                # org.mulino.verification.ScenarioGlue.assertion(java.lang.String,java.lang.String)
  ↷ 그러면 "assessment-knownat" assertion으로 "판정 근거와 장소·상충을 구별한다 no-receipt-evidence. assessment-snapshot의 독립 고정 기대값을 대조한다."를 확인한다             # org.mulino.verification.ScenarioGlue.assertion(java.lang.String,java.lang.String)
  ↷ 그러면 "input-snapshot-rows" assertion으로 "판정 근거와 장소·상충을 구별한다 no-receipt-evidence. assessment-snapshot의 독립 고정 기대값을 대조한다."를 확인한다            # org.mulino.verification.ScenarioGlue.assertion(java.lang.String,java.lang.String)
  ↷ 그러면 "unknown-quantity-not-zero" assertion으로 "판정 근거와 장소·상충을 구별한다 no-receipt-evidence. missing-as-zero의 독립 고정 기대값을 대조한다."를 확인한다          # org.mulino.verification.ScenarioGlue.assertion(java.lang.String,java.lang.String)
  ↷ 그러면 "no-fabricated-contribution" assertion으로 "같은 대상의 독립 전후 원행을 비교한다. 조회/거부 감사의 추가는 별도 허용한다."를 확인한다                                     # org.mulino.verification.ScenarioGlue.assertion(java.lang.String,java.lang.String)
  ↷ 그러면 "no-fabricated-movement" assertion으로 "같은 대상의 독립 전후 원행을 비교한다. 조회/거부 감사의 추가는 별도 허용한다."를 확인한다                                         # org.mulino.verification.ScenarioGlue.assertion(java.lang.String,java.lang.String)

@T12 @D12 @sit @uat
시나리오: 판정 근거와 장소·상충을 구별한다 insufficient-source-scope                                                                                               # target/work-51-input/verification/cases/T12/scenario.feature:30
  ✔ 먼저 사례 파일 "verification/cases/T12/case.json"의 "insufficient-source-scope"를 준비한다                                                               # org.mulino.verification.ScenarioGlue.prepare(java.lang.String,java.lang.String)
  ✔ 만일 "시스템" 역할이 "setup" 행동을 수행한다                                                                                                                # org.mulino.verification.ScenarioGlue.action(java.lang.String,java.lang.String)
  ✔ 만일 "A" 역할이 "work" 행동을 수행한다                                                                                                                   # org.mulino.verification.ScenarioGlue.action(java.lang.String,java.lang.String)
  ✔ 만일 "A" 역할이 "initial-assessment" 행동을 수행한다                                                                                                     # org.mulino.verification.ScenarioGlue.action(java.lang.String,java.lang.String)
  ✔ 만일 "A" 역할이 "before-db-snapshot" 행동을 수행한다                                                                                                     # org.mulino.verification.ScenarioGlue.action(java.lang.String,java.lang.String)
  ✔ 만일 "시스템" 역할이 "before-db" 행동을 수행한다                                                                                                            # org.mulino.verification.ScenarioGlue.action(java.lang.String,java.lang.String)
  ✔ 만일 "A" 역할이 "claim" 행동을 수행한다                                                                                                                  # org.mulino.verification.ScenarioGlue.action(java.lang.String,java.lang.String)
  ✔ 만일 "A" 역할이 "assessment" 행동을 수행한다                                                                                                             # org.mulino.verification.ScenarioGlue.action(java.lang.String,java.lang.String)
  ✔ 만일 "A" 역할이 "after-db-snapshot" 행동을 수행한다                                                                                                      # org.mulino.verification.ScenarioGlue.action(java.lang.String,java.lang.String)
  ✔ 만일 "시스템" 역할이 "after-db" 행동을 수행한다                                                                                                             # org.mulino.verification.ScenarioGlue.action(java.lang.String,java.lang.String)
  ✘ 그러면 "assessment-api-result" assertion으로 "판정 근거와 장소·상충을 구별한다 insufficient-source-scope. insufficient-evidence의 독립 고정 기대값을 대조한다."를 확인한다        # org.mulino.verification.ScenarioGlue.assertion(java.lang.String,java.lang.String)
        java.lang.AssertionError: source assessment is NOT_IMPLEMENTED: NOT_IMPLEMENTED: no real product adapters installed
                at org.mulino.verification.AssertionEngine.fail(AssertionEngine.java:138)
                at org.mulino.verification.AssertionEngine.require(AssertionEngine.java:137)
                at org.mulino.verification.AssertionEngine.requireExecuted(AssertionEngine.java:77)
                at org.mulino.verification.AssertionEngine.requireSourcesAvailable(AssertionEngine.java:68)
                at org.mulino.verification.CaseRunner.assertId(CaseRunner.java:151)
                at org.mulino.verification.ScenarioGlue.assertion(ScenarioGlue.java:26)
                at ✽."assessment-api-result" assertion으로 "판정 근거와 장소·상충을 구별한다 insufficient-source-scope. insufficient-evidence의 독립 고정 기대값을 대조한다."를 확인한다(file:///Volumes/VideoStore/Developer/mulino-ontology-step2-wire-async/verification/harness/target/work-51-input/verification/cases/T12/scenario.feature:41)
  ↷ 그러면 "assessment-db-result" assertion으로 "판정 근거와 장소·상충을 구별한다 insufficient-source-scope. insufficient-evidence의 독립 고정 기대값을 대조한다."를 확인한다         # org.mulino.verification.ScenarioGlue.assertion(java.lang.String,java.lang.String)
  ↷ 그러면 "versions-pinned" assertion으로 "판정 근거와 장소·상충을 구별한다 insufficient-source-scope. assessment-snapshot의 독립 고정 기대값을 대조한다."를 확인한다                # org.mulino.verification.ScenarioGlue.assertion(java.lang.String,java.lang.String)
  ↷ 그러면 "goal-version-linked" assertion으로 "판정 근거와 장소·상충을 구별한다 insufficient-source-scope. assessment-snapshot의 독립 고정 기대값을 대조한다."를 확인한다            # org.mulino.verification.ScenarioGlue.assertion(java.lang.String,java.lang.String)
  ↷ 그러면 "condition-result-detail" assertion으로 "판정 근거와 장소·상충을 구별한다 insufficient-source-scope. assessment-snapshot의 독립 고정 기대값을 대조한다."를 확인한다        # org.mulino.verification.ScenarioGlue.assertion(java.lang.String,java.lang.String)
  ↷ 그러면 "condition-evidence-input-match" assertion으로 "판정 근거와 장소·상충을 구별한다 insufficient-source-scope. assessment-snapshot의 독립 고정 기대값을 대조한다."를 확인한다 # org.mulino.verification.ScenarioGlue.assertion(java.lang.String,java.lang.String)
  ↷ 그러면 "previous-assessment-link" assertion으로 "판정 근거와 장소·상충을 구별한다 insufficient-source-scope. assessment-snapshot의 독립 고정 기대값을 대조한다."를 확인한다       # org.mulino.verification.ScenarioGlue.assertion(java.lang.String,java.lang.String)
  ↷ 그러면 "assessment-asof" assertion으로 "판정 근거와 장소·상충을 구별한다 insufficient-source-scope. assessment-snapshot의 독립 고정 기대값을 대조한다."를 확인한다                # org.mulino.verification.ScenarioGlue.assertion(java.lang.String,java.lang.String)
  ↷ 그러면 "assessment-knownat" assertion으로 "판정 근거와 장소·상충을 구별한다 insufficient-source-scope. assessment-snapshot의 독립 고정 기대값을 대조한다."를 확인한다             # org.mulino.verification.ScenarioGlue.assertion(java.lang.String,java.lang.String)
  ↷ 그러면 "input-snapshot-rows" assertion으로 "판정 근거와 장소·상충을 구별한다 insufficient-source-scope. assessment-snapshot의 독립 고정 기대값을 대조한다."를 확인한다            # org.mulino.verification.ScenarioGlue.assertion(java.lang.String,java.lang.String)
  ↷ 그러면 "unknown-quantity-not-zero" assertion으로 "판정 근거와 장소·상충을 구별한다 insufficient-source-scope. missing-as-zero의 독립 고정 기대값을 대조한다."를 확인한다          # org.mulino.verification.ScenarioGlue.assertion(java.lang.String,java.lang.String)
  ↷ 그러면 "no-fabricated-contribution" assertion으로 "같은 대상의 독립 전후 원행을 비교한다. 조회/거부 감사의 추가는 별도 허용한다."를 확인한다                                           # org.mulino.verification.ScenarioGlue.assertion(java.lang.String,java.lang.String)
  ↷ 그러면 "no-fabricated-movement" assertion으로 "같은 대상의 독립 전후 원행을 비교한다. 조회/거부 감사의 추가는 별도 허용한다."를 확인한다                                               # org.mulino.verification.ScenarioGlue.assertion(java.lang.String,java.lang.String)

@T12 @D12 @sit @uat
시나리오: 판정 근거와 장소·상충을 구별한다 wrong-warehouse                                                                                               # target/work-51-input/verification/cases/T12/scenario.feature:55
  ✔ 먼저 사례 파일 "verification/cases/T12/case.json"의 "wrong-warehouse"를 준비한다                                                               # org.mulino.verification.ScenarioGlue.prepare(java.lang.String,java.lang.String)
  ✔ 만일 "시스템" 역할이 "setup" 행동을 수행한다                                                                                                      # org.mulino.verification.ScenarioGlue.action(java.lang.String,java.lang.String)
  ✔ 만일 "A" 역할이 "work" 행동을 수행한다                                                                                                         # org.mulino.verification.ScenarioGlue.action(java.lang.String,java.lang.String)
  ✔ 만일 "A" 역할이 "initial-assessment" 행동을 수행한다                                                                                           # org.mulino.verification.ScenarioGlue.action(java.lang.String,java.lang.String)
  ✔ 만일 "A" 역할이 "before-db-snapshot" 행동을 수행한다                                                                                           # org.mulino.verification.ScenarioGlue.action(java.lang.String,java.lang.String)
  ✔ 만일 "시스템" 역할이 "before-db" 행동을 수행한다                                                                                                  # org.mulino.verification.ScenarioGlue.action(java.lang.String,java.lang.String)
  ✔ 만일 "A" 역할이 "receipt" 행동을 수행한다                                                                                                      # org.mulino.verification.ScenarioGlue.action(java.lang.String,java.lang.String)
  ✔ 만일 "A" 역할이 "assessment" 행동을 수행한다                                                                                                   # org.mulino.verification.ScenarioGlue.action(java.lang.String,java.lang.String)
  ✔ 만일 "A" 역할이 "after-db-snapshot" 행동을 수행한다                                                                                            # org.mulino.verification.ScenarioGlue.action(java.lang.String,java.lang.String)
  ✔ 만일 "시스템" 역할이 "after-db" 행동을 수행한다                                                                                                   # org.mulino.verification.ScenarioGlue.action(java.lang.String,java.lang.String)
  ✘ 그러면 "assessment-api-result" assertion으로 "판정 근거와 장소·상충을 구별한다 wrong-warehouse. wrong-place-condition의 독립 고정 기대값을 대조한다."를 확인한다        # org.mulino.verification.ScenarioGlue.assertion(java.lang.String,java.lang.String)
        java.lang.AssertionError: source assessment is NOT_IMPLEMENTED: NOT_IMPLEMENTED: no real product adapters installed
                at org.mulino.verification.AssertionEngine.fail(AssertionEngine.java:138)
                at org.mulino.verification.AssertionEngine.require(AssertionEngine.java:137)
                at org.mulino.verification.AssertionEngine.requireExecuted(AssertionEngine.java:77)
                at org.mulino.verification.AssertionEngine.requireSourcesAvailable(AssertionEngine.java:68)
                at org.mulino.verification.CaseRunner.assertId(CaseRunner.java:151)
                at org.mulino.verification.ScenarioGlue.assertion(ScenarioGlue.java:26)
                at ✽."assessment-api-result" assertion으로 "판정 근거와 장소·상충을 구별한다 wrong-warehouse. wrong-place-condition의 독립 고정 기대값을 대조한다."를 확인한다(file:///Volumes/VideoStore/Developer/mulino-ontology-step2-wire-async/verification/harness/target/work-51-input/verification/cases/T12/scenario.feature:66)
  ↷ 그러면 "assessment-db-result" assertion으로 "판정 근거와 장소·상충을 구별한다 wrong-warehouse. wrong-place-condition의 독립 고정 기대값을 대조한다."를 확인한다         # org.mulino.verification.ScenarioGlue.assertion(java.lang.String,java.lang.String)
  ↷ 그러면 "versions-pinned" assertion으로 "판정 근거와 장소·상충을 구별한다 wrong-warehouse. assessment-snapshot의 독립 고정 기대값을 대조한다."를 확인한다                # org.mulino.verification.ScenarioGlue.assertion(java.lang.String,java.lang.String)
  ↷ 그러면 "goal-version-linked" assertion으로 "판정 근거와 장소·상충을 구별한다 wrong-warehouse. assessment-snapshot의 독립 고정 기대값을 대조한다."를 확인한다            # org.mulino.verification.ScenarioGlue.assertion(java.lang.String,java.lang.String)
  ↷ 그러면 "condition-result-detail" assertion으로 "판정 근거와 장소·상충을 구별한다 wrong-warehouse. assessment-snapshot의 독립 고정 기대값을 대조한다."를 확인한다        # org.mulino.verification.ScenarioGlue.assertion(java.lang.String,java.lang.String)
  ↷ 그러면 "condition-evidence-input-match" assertion으로 "판정 근거와 장소·상충을 구별한다 wrong-warehouse. assessment-snapshot의 독립 고정 기대값을 대조한다."를 확인한다 # org.mulino.verification.ScenarioGlue.assertion(java.lang.String,java.lang.String)
  ↷ 그러면 "previous-assessment-link" assertion으로 "판정 근거와 장소·상충을 구별한다 wrong-warehouse. assessment-snapshot의 독립 고정 기대값을 대조한다."를 확인한다       # org.mulino.verification.ScenarioGlue.assertion(java.lang.String,java.lang.String)
  ↷ 그러면 "assessment-asof" assertion으로 "판정 근거와 장소·상충을 구별한다 wrong-warehouse. assessment-snapshot의 독립 고정 기대값을 대조한다."를 확인한다                # org.mulino.verification.ScenarioGlue.assertion(java.lang.String,java.lang.String)
  ↷ 그러면 "assessment-knownat" assertion으로 "판정 근거와 장소·상충을 구별한다 wrong-warehouse. assessment-snapshot의 독립 고정 기대값을 대조한다."를 확인한다             # org.mulino.verification.ScenarioGlue.assertion(java.lang.String,java.lang.String)
  ↷ 그러면 "input-snapshot-rows" assertion으로 "판정 근거와 장소·상충을 구별한다 wrong-warehouse. assessment-snapshot의 독립 고정 기대값을 대조한다."를 확인한다            # org.mulino.verification.ScenarioGlue.assertion(java.lang.String,java.lang.String)

@T12 @D12 @sit @uat
시나리오: 판정 근거와 장소·상충을 구별한다 conflicting-claims                                                                                               # target/work-51-input/verification/cases/T12/scenario.feature:77
  ✔ 먼저 사례 파일 "verification/cases/T12/case.json"의 "conflicting-claims"를 준비한다                                                               # org.mulino.verification.ScenarioGlue.prepare(java.lang.String,java.lang.String)
  ✔ 만일 "시스템" 역할이 "setup" 행동을 수행한다                                                                                                         # org.mulino.verification.ScenarioGlue.action(java.lang.String,java.lang.String)
  ✔ 만일 "A" 역할이 "work" 행동을 수행한다                                                                                                            # org.mulino.verification.ScenarioGlue.action(java.lang.String,java.lang.String)
  ✔ 만일 "A" 역할이 "initial-assessment" 행동을 수행한다                                                                                              # org.mulino.verification.ScenarioGlue.action(java.lang.String,java.lang.String)
  ✔ 만일 "A" 역할이 "before-db-snapshot" 행동을 수행한다                                                                                              # org.mulino.verification.ScenarioGlue.action(java.lang.String,java.lang.String)
  ✔ 만일 "시스템" 역할이 "before-db" 행동을 수행한다                                                                                                     # org.mulino.verification.ScenarioGlue.action(java.lang.String,java.lang.String)
  ✔ 만일 "A" 역할이 "claim" 행동을 수행한다                                                                                                           # org.mulino.verification.ScenarioGlue.action(java.lang.String,java.lang.String)
  ✔ 만일 "A" 역할이 "conflicting-claim" 행동을 수행한다                                                                                               # org.mulino.verification.ScenarioGlue.action(java.lang.String,java.lang.String)
  ✔ 만일 "A" 역할이 "assessment" 행동을 수행한다                                                                                                      # org.mulino.verification.ScenarioGlue.action(java.lang.String,java.lang.String)
  ✔ 만일 "A" 역할이 "after-db-snapshot" 행동을 수행한다                                                                                               # org.mulino.verification.ScenarioGlue.action(java.lang.String,java.lang.String)
  ✔ 만일 "시스템" 역할이 "after-db" 행동을 수행한다                                                                                                      # org.mulino.verification.ScenarioGlue.action(java.lang.String,java.lang.String)
  ✘ 그러면 "assessment-api-result" assertion으로 "판정 근거와 장소·상충을 구별한다 conflicting-claims. insufficient-evidence의 독립 고정 기대값을 대조한다."를 확인한다        # org.mulino.verification.ScenarioGlue.assertion(java.lang.String,java.lang.String)
        java.lang.AssertionError: source assessment is NOT_IMPLEMENTED: NOT_IMPLEMENTED: no real product adapters installed
                at org.mulino.verification.AssertionEngine.fail(AssertionEngine.java:138)
                at org.mulino.verification.AssertionEngine.require(AssertionEngine.java:137)
                at org.mulino.verification.AssertionEngine.requireExecuted(AssertionEngine.java:77)
                at org.mulino.verification.AssertionEngine.requireSourcesAvailable(AssertionEngine.java:68)
                at org.mulino.verification.CaseRunner.assertId(CaseRunner.java:151)
                at org.mulino.verification.ScenarioGlue.assertion(ScenarioGlue.java:26)
                at ✽."assessment-api-result" assertion으로 "판정 근거와 장소·상충을 구별한다 conflicting-claims. insufficient-evidence의 독립 고정 기대값을 대조한다."를 확인한다(file:///Volumes/VideoStore/Developer/mulino-ontology-step2-wire-async/verification/harness/target/work-51-input/verification/cases/T12/scenario.feature:89)
  ↷ 그러면 "assessment-db-result" assertion으로 "판정 근거와 장소·상충을 구별한다 conflicting-claims. insufficient-evidence의 독립 고정 기대값을 대조한다."를 확인한다         # org.mulino.verification.ScenarioGlue.assertion(java.lang.String,java.lang.String)
  ↷ 그러면 "versions-pinned" assertion으로 "판정 근거와 장소·상충을 구별한다 conflicting-claims. assessment-snapshot의 독립 고정 기대값을 대조한다."를 확인한다                # org.mulino.verification.ScenarioGlue.assertion(java.lang.String,java.lang.String)
  ↷ 그러면 "goal-version-linked" assertion으로 "판정 근거와 장소·상충을 구별한다 conflicting-claims. assessment-snapshot의 독립 고정 기대값을 대조한다."를 확인한다            # org.mulino.verification.ScenarioGlue.assertion(java.lang.String,java.lang.String)
  ↷ 그러면 "condition-result-detail" assertion으로 "판정 근거와 장소·상충을 구별한다 conflicting-claims. assessment-snapshot의 독립 고정 기대값을 대조한다."를 확인한다        # org.mulino.verification.ScenarioGlue.assertion(java.lang.String,java.lang.String)
  ↷ 그러면 "condition-evidence-input-match" assertion으로 "판정 근거와 장소·상충을 구별한다 conflicting-claims. assessment-snapshot의 독립 고정 기대값을 대조한다."를 확인한다 # org.mulino.verification.ScenarioGlue.assertion(java.lang.String,java.lang.String)
  ↷ 그러면 "previous-assessment-link" assertion으로 "판정 근거와 장소·상충을 구별한다 conflicting-claims. assessment-snapshot의 독립 고정 기대값을 대조한다."를 확인한다       # org.mulino.verification.ScenarioGlue.assertion(java.lang.String,java.lang.String)
  ↷ 그러면 "assessment-asof" assertion으로 "판정 근거와 장소·상충을 구별한다 conflicting-claims. assessment-snapshot의 독립 고정 기대값을 대조한다."를 확인한다                # org.mulino.verification.ScenarioGlue.assertion(java.lang.String,java.lang.String)
  ↷ 그러면 "assessment-knownat" assertion으로 "판정 근거와 장소·상충을 구별한다 conflicting-claims. assessment-snapshot의 독립 고정 기대값을 대조한다."를 확인한다             # org.mulino.verification.ScenarioGlue.assertion(java.lang.String,java.lang.String)
  ↷ 그러면 "input-snapshot-rows" assertion으로 "판정 근거와 장소·상충을 구별한다 conflicting-claims. assessment-snapshot의 독립 고정 기대값을 대조한다."를 확인한다            # org.mulino.verification.ScenarioGlue.assertion(java.lang.String,java.lang.String)
  ↷ 그러면 "unknown-quantity-not-zero" assertion으로 "판정 근거와 장소·상충을 구별한다 conflicting-claims. missing-as-zero의 독립 고정 기대값을 대조한다."를 확인한다          # org.mulino.verification.ScenarioGlue.assertion(java.lang.String,java.lang.String)
  ↷ 그러면 "no-fabricated-contribution" assertion으로 "같은 대상의 독립 전후 원행을 비교한다. 조회/거부 감사의 추가는 별도 허용한다."를 확인한다                                    # org.mulino.verification.ScenarioGlue.assertion(java.lang.String,java.lang.String)
  ↷ 그러면 "no-fabricated-movement" assertion으로 "같은 대상의 독립 전후 원행을 비교한다. 조회/거부 감사의 추가는 별도 허용한다."를 확인한다                                        # org.mulino.verification.ScenarioGlue.assertion(java.lang.String,java.lang.String)

@T12 @D12 @sit @uat
시나리오: 기한 변경과 실제100→98 정정은 과거 위반을 지우지 않는다                                                                                                 # target/work-51-input/verification/cases/T12/scenario.feature:103
  ✔ 먼저 사례 파일 "verification/cases/T12/case.json"의 "deadline-revision-and-correction"를 준비한다                                                # org.mulino.verification.ScenarioGlue.prepare(java.lang.String,java.lang.String)
  ✔ 만일 "시스템" 역할이 "setup" 행동을 수행한다                                                                                                        # org.mulino.verification.ScenarioGlue.action(java.lang.String,java.lang.String)
  ✔ 만일 "A" 역할이 "work" 행동을 수행한다                                                                                                           # org.mulino.verification.ScenarioGlue.action(java.lang.String,java.lang.String)
  ✔ 만일 "A" 역할이 "receipt" 행동을 수행한다                                                                                                        # org.mulino.verification.ScenarioGlue.action(java.lang.String,java.lang.String)
  ✔ 만일 "A" 역할이 "late-assessment" 행동을 수행한다                                                                                                # org.mulino.verification.ScenarioGlue.action(java.lang.String,java.lang.String)
  ✔ 만일 "A" 역할이 "late-db-snapshot" 행동을 수행한다                                                                                               # org.mulino.verification.ScenarioGlue.action(java.lang.String,java.lang.String)
  ✔ 만일 "시스템" 역할이 "late-db" 행동을 수행한다                                                                                                      # org.mulino.verification.ScenarioGlue.action(java.lang.String,java.lang.String)
  ✔ 만일 "A" 역할이 "resolve-quantity-duty" 행동을 수행한다                                                                                          # org.mulino.verification.ScenarioGlue.action(java.lang.String,java.lang.String)
  ✔ 만일 "A" 역할이 "before-revision" 행동을 수행한다                                                                                                # org.mulino.verification.ScenarioGlue.action(java.lang.String,java.lang.String)
  ✔ 만일 "A" 역할이 "revision" 행동을 수행한다                                                                                                       # org.mulino.verification.ScenarioGlue.action(java.lang.String,java.lang.String)
  ✔ 만일 "A" 역할이 "revised-assessment" 행동을 수행한다                                                                                             # org.mulino.verification.ScenarioGlue.action(java.lang.String,java.lang.String)
  ✔ 만일 "A" 역할이 "revised-db-snapshot" 행동을 수행한다                                                                                            # org.mulino.verification.ScenarioGlue.action(java.lang.String,java.lang.String)
  ✔ 만일 "시스템" 역할이 "revised-db" 행동을 수행한다                                                                                                   # org.mulino.verification.ScenarioGlue.action(java.lang.String,java.lang.String)
  ✔ 만일 "A" 역할이 "correction" 행동을 수행한다                                                                                                     # org.mulino.verification.ScenarioGlue.action(java.lang.String,java.lang.String)
  ✔ 만일 "A" 역할이 "corrected-assessment" 행동을 수행한다                                                                                           # org.mulino.verification.ScenarioGlue.action(java.lang.String,java.lang.String)
  ✔ 만일 "A" 역할이 "after-db-snapshot" 행동을 수행한다                                                                                              # org.mulino.verification.ScenarioGlue.action(java.lang.String,java.lang.String)
  ✔ 만일 "시스템" 역할이 "after-db" 행동을 수행한다                                                                                                     # org.mulino.verification.ScenarioGlue.action(java.lang.String,java.lang.String)
  ✘ 그러면 "late-assessment-api-result" assertion으로 "기한 변경과 실제100→98 정정은 과거 위반을 지우지 않는다. historical-violation의 독립 고정 기대값을 대조한다."를 확인한다      # org.mulino.verification.ScenarioGlue.assertion(java.lang.String,java.lang.String)
        java.lang.AssertionError: source late-assessment is NOT_IMPLEMENTED: NOT_IMPLEMENTED: no real product adapters installed
                at org.mulino.verification.AssertionEngine.fail(AssertionEngine.java:138)
                at org.mulino.verification.AssertionEngine.require(AssertionEngine.java:137)
                at org.mulino.verification.AssertionEngine.requireExecuted(AssertionEngine.java:77)
                at org.mulino.verification.AssertionEngine.requireSourcesAvailable(AssertionEngine.java:68)
                at org.mulino.verification.CaseRunner.assertId(CaseRunner.java:151)
                at org.mulino.verification.ScenarioGlue.assertion(ScenarioGlue.java:26)
                at ✽."late-assessment-api-result" assertion으로 "기한 변경과 실제100→98 정정은 과거 위반을 지우지 않는다. historical-violation의 독립 고정 기대값을 대조한다."를 확인한다(file:///Volumes/VideoStore/Developer/mulino-ontology-step2-wire-async/verification/harness/target/work-51-input/verification/cases/T12/scenario.feature:121)
  ↷ 그러면 "late-assessment-db-result" assertion으로 "기한 변경과 실제100→98 정정은 과거 위반을 지우지 않는다. historical-violation의 독립 고정 기대값을 대조한다."를 확인한다       # org.mulino.verification.ScenarioGlue.assertion(java.lang.String,java.lang.String)
  ↷ 그러면 "revised-assessment-api-result" assertion으로 "기한 변경과 실제100→98 정정은 과거 위반을 지우지 않는다. historical-violation의 독립 고정 기대값을 대조한다."를 확인한다   # org.mulino.verification.ScenarioGlue.assertion(java.lang.String,java.lang.String)
  ↷ 그러면 "revised-assessment-db-result" assertion으로 "기한 변경과 실제100→98 정정은 과거 위반을 지우지 않는다. historical-violation의 독립 고정 기대값을 대조한다."를 확인한다    # org.mulino.verification.ScenarioGlue.assertion(java.lang.String,java.lang.String)
  ↷ 그러면 "corrected-assessment-api-result" assertion으로 "기한 변경과 실제100→98 정정은 과거 위반을 지우지 않는다. historical-violation의 독립 고정 기대값을 대조한다."를 확인한다 # org.mulino.verification.ScenarioGlue.assertion(java.lang.String,java.lang.String)
  ↷ 그러면 "corrected-assessment-db-result" assertion으로 "기한 변경과 실제100→98 정정은 과거 위반을 지우지 않는다. historical-violation의 독립 고정 기대값을 대조한다."를 확인한다  # org.mulino.verification.ScenarioGlue.assertion(java.lang.String,java.lang.String)
  ↷ 그러면 "old-assessment-immutable" assertion으로 "같은 대상의 독립 전후 원행을 비교한다. 조회/거부 감사의 추가는 별도 허용한다."를 확인한다                                     # org.mulino.verification.ScenarioGlue.assertion(java.lang.String,java.lang.String)
  ↷ 그러면 "old-goal-immutable" assertion으로 "같은 대상의 독립 전후 원행을 비교한다. 조회/거부 감사의 추가는 별도 허용한다."를 확인한다                                           # org.mulino.verification.ScenarioGlue.assertion(java.lang.String,java.lang.String)
  ↷ 그러면 "revised-assessment-immutable" assertion으로 "같은 대상의 독립 전후 원행을 비교한다. 조회/거부 감사의 추가는 별도 허용한다."를 확인한다                                 # org.mulino.verification.ScenarioGlue.assertion(java.lang.String,java.lang.String)
  ↷ 그러면 "old-due-preserved" assertion으로 "기한 변경과 실제100→98 정정은 과거 위반을 지우지 않는다. historical-violation의 독립 고정 기대값을 대조한다."를 확인한다               # org.mulino.verification.ScenarioGlue.assertion(java.lang.String,java.lang.String)
  ↷ 그러면 "new-due-added" assertion으로 "기한 변경과 실제100→98 정정은 과거 위반을 지우지 않는다. historical-violation의 독립 고정 기대값을 대조한다."를 확인한다                   # org.mulino.verification.ScenarioGlue.assertion(java.lang.String,java.lang.String)
  ↷ 그러면 "quantity-duty-resolved" assertion으로 "기한 변경과 실제100→98 정정은 과거 위반을 지우지 않는다. historical-violation의 독립 고정 기대값을 대조한다."를 확인한다          # org.mulino.verification.ScenarioGlue.assertion(java.lang.String,java.lang.String)
  ↷ 그러면 "past-deadline-condition" assertion으로 "기한 변경과 실제100→98 정정은 과거 위반을 지우지 않는다. historical-violation의 독립 고정 기대값을 대조한다."를 확인한다         # org.mulino.verification.ScenarioGlue.assertion(java.lang.String,java.lang.String)
  ↷ 그러면 "correction-assessment-appended" assertion으로 "기한 변경과 실제100→98 정정은 과거 위반을 지우지 않는다. historical-violation의 독립 고정 기대값을 대조한다."를 확인한다  # org.mulino.verification.ScenarioGlue.assertion(java.lang.String,java.lang.String)
  ↷ 그러면 "supersedes-preserved" assertion으로 "기한 변경과 실제100→98 정정은 과거 위반을 지우지 않는다. historical-violation의 독립 고정 기대값을 대조한다."를 확인한다            # org.mulino.verification.ScenarioGlue.assertion(java.lang.String,java.lang.String)
  ↷ 그러면 "corrected-debt2" assertion으로 "기한 변경과 실제100→98 정정은 과거 위반을 지우지 않는다. historical-violation의 독립 고정 기대값을 대조한다."를 확인한다                 # org.mulino.verification.ScenarioGlue.assertion(java.lang.String,java.lang.String)
[ERROR] Tests run: 1, Failures: 1, Errors: 0, Skipped: 0, Time elapsed: 1.087 s <<< FAILURE! -- in org.mulino.verification.CaseFeatureTest
[ERROR] org.mulino.verification.CaseFeatureTest.executeEveryDeclaredKoreanScenario -- Time elapsed: 1.080 s <<< FAILURE!
java.lang.AssertionError: NOT_IMPLEMENTED: 51 independently discovered Korean scenarios failed required product assertions
        at org.mulino.verification.CaseFeatureTest.executeEveryDeclaredKoreanScenario(CaseFeatureTest.java:38)

[INFO]
[INFO] Results:
[INFO]
[ERROR] Failures:
[ERROR]   CaseFeatureTest.executeEveryDeclaredKoreanScenario:38 NOT_IMPLEMENTED: 51 independently discovered Korean scenarios failed required product assertions
[INFO]
[ERROR] Tests run: 1, Failures: 1, Errors: 0, Skipped: 0
[INFO]
[INFO] ------------------------------------------------------------------------
[INFO] BUILD FAILURE
[INFO] ------------------------------------------------------------------------
[INFO] Total time:  2.013 s
[INFO] Finished at: 2026-10-07T23:14:49+09:00
[INFO] ------------------------------------------------------------------------
[ERROR] Failed to execute goal org.apache.maven.plugins:maven-surefire-plugin:3.5.6:test (default-test) on project acceptance-harness: There are test failures.
[ERROR]
[ERROR] See /Volumes/VideoStore/Developer/mulino-ontology-step2-wire-async/verification/harness/target/surefire-reports for the individual test results.
[ERROR] See dump files (if any exist) [date].dump, [date]-jvmRun[N].dump and [date].dumpstream.
[ERROR] -> [Help 1]
[ERROR]
[ERROR] To see the full stack trace of the errors, re-run Maven with the -e switch.
[ERROR] Re-run Maven using the -X switch to enable full debug logging.
[ERROR]
[ERROR] For more information about the errors and possible solutions, please read the following articles:
[ERROR] [Help 1] http://cwiki.apache.org/confluence/display/MAVEN/MojoFailureException
SLF4J(W): No SLF4J providers were found.
SLF4J(W): Defaulting to no-operation (NOP) logger implementation
SLF4J(W): See https://www.slf4j.org/codes.html#noProviders for further details.
